#chr	start	end	mean_bad	id	max_cover	ref	alt	n_reps	bads	scorefiles	ref_counts	alt_counts	ref_es	alt_es	ref_pval	alt_pval	ref_comb_es	alt_comb_es	ref_comb_pval	alt_comb_pval	ref_fdr_comb_pval	alt_fdr_comb_pval	pref_allele	comb_es	comb_pval	fdr_comb_pval	ref_motif_pos	ref_motif_orient	alt_motif_pos	alt_motif_orient	ref_motif_pval	alt_motif_pval	motif_fc	motif_conc
chr1	2155317	2155318	2.0	rs262660	23	A	G	1	2	SOX2/SOX2.YWH_B_AffSeq_F11_SOX2.Cycle4.vcf.gz	13	10	-0.089305054656172	-0.7224689882240791	0.31680992487872334	0.590752422847829	-0.089305054656172	-0.7224689882240791	0.3168099248787233	0.590752422847829	0.7286628272210637	1.0	ref	-0.089305054656172	0.3168099248787233	0.7286628272210637	-4	direct	-4	direct	0.0099438731499712	0.0575980824645327	-2.5341409850276078	No Hit
chr7	158147675	158147676	2.0	rs62480221	25	C	A	1	2	SOX2/SOX2.YWN_B_AffSeq_C2_SOX2.Cycle4.vcf.gz	20	5	0.9436256099687044	-2.211982392444584	0.1138892805637662	1.0	0.9436256099687044	-2.211982392444584	0.1138892805637662	1.0	0.4365755754944371	1.0	ref	0.9436256099687044	0.1138892805637662	0.4365755754944371	-5	direct	-5	direct	0.0429812339414169	0.0085905323427554	2.3228874605096785	No Hit
chr1	1955079	1955080	6.0	rs2748975	31	C	A	1	6	SOX2/SOX2.YWL_B_AffSeq_G5_SOX2.Cycle3.vcf.gz	26	5	0.36248590931110414	-4.937017531419363	0.274252721727359	1.0	0.3624859093111041	-4.937017531419363	0.274252721727359	1.0	0.6639802736557112	1.0	ref	0.3624859093111041	0.274252721727359	0.6639802736557112	-7	revcomp	-7	revcomp	0.1386191870116366	0.1257302823104569	0.1407947956304713	No Hit
chr16	46389973	46389974	3.0	rs4404093	116	C	G	10	3,3,3,3,3,3,3,3,3,3	SOX2/SOX2.YWE_B_AffSeq_F11_SOX2.Cycle1.vcf.gz,SOX2/SOX2.YWE_B_AffSeq_F11_SOX2.Cycle2.vcf.gz,SOX2/SOX2.YWE_B_AffSeq_F11_SOX2.Cycle3.vcf.gz,SOX2/SOX2.YWE_B_AffSeq_F11_SOX2.Cycle4.vcf.gz,SOX2/SOX2.YWH_B_AffSeq_F11_SOX2.Cycle1.vcf.gz,SOX2/SOX2.YWH_B_AffSeq_F11_SOX2.Cycle2.vcf.gz,SOX2/SOX2.YWH_B_AffSeq_F11_SOX2.Cycle3.vcf.gz,SOX2/SOX2.YWH_B_AffSeq_F11_SOX2.Cycle4.vcf.gz,SOX2/SOX2.YWL_B_AffSeq_G5_SOX2.Cycle3.vcf.gz,SOX2/SOX2.YWO_B_AffSeq_C2_SOX2.Cycle2.vcf.gz	6,42,33,20,6,38,35,38,5,6	18,74,69,23,26,58,46,71,6,6	-1.756884219017131,-0.7586594723433144,-0.9930423077245765,-0.0963446716356211,-2.028267553423918,-0.40787723484061367,-0.2910315948300388,-0.8401276621634155,-1.2198031860647989,-0.956768780231005	0.479943669464046,0.5317362918221704,0.8648829401457565,-0.1759971229341808,1.0104583861628256,0.32876794186039504,0.1235049330531428,0.6205340662375054,-1.0733811018700914,-1.10501883125711	0.8548750946026512,0.35297021459672434,0.34680578393985206,0.5043554110356034,0.8816093129493876,0.500589251449401,0.5067919153889163,0.3495849801318385,1.0,0.7818670700722876	0.24866191950834404,0.3348052344312166,0.12096824080715458,0.5220554633936834,0.09561931111496397,0.43079905910371363,0.5025119904833727,0.27578920093057735,0.7975537130128849,0.8016817471348571	-0.7037793280855806	0.5531883583567673	0.7272810243430533	0.2188794044771805	0.8558029336377015	1.0	alt	0.5531883583567673	0.2188794044771805	1.0	-5	revcomp	-5	revcomp	0.0094709891395861	0.0104405828551378	-0.1406152417905965	No Hit
chr3	134364220	134364221	3.0	rs13075185	98	C	T	1	3	SOX2/SOX2.YWN_B_AffSeq_C2_SOX2.Cycle4.vcf.gz	27	71	-1.3331676734435325	1.1565839768200767	0.38398464470646426	0.05330512070590526	-1.3331676734435325	1.1565839768200767	0.3839846447064642	0.0533051207059052	0.7679692894129285	0.6130088881179105	alt	1.1565839768200767	0.0533051207059052	0.6130088881179105	-2	revcomp	-4	revcomp	0.2489390205987194	0.2150454010484208	0.2111511088573987	No Hit
chr11	1147946	1147947	4.0	rs62653072	411	A	T	10	4,4,4,4,4,4,4,4,4,4	SOX2/SOX2.YWE_B_AffSeq_F11_SOX2.Cycle2.vcf.gz,SOX2/SOX2.YWE_B_AffSeq_F11_SOX2.Cycle3.vcf.gz,SOX2/SOX2.YWE_B_AffSeq_F11_SOX2.Cycle4.vcf.gz,SOX2/SOX2.YWH_B_AffSeq_F11_SOX2.Cycle3.vcf.gz,SOX2/SOX2.YWH_B_AffSeq_F11_SOX2.Cycle4.vcf.gz,SOX2/SOX2.YWL_B_AffSeq_G5_SOX2.Cycle3.vcf.gz,SOX2/SOX2.YWN_B_AffSeq_C2_SOX2.Cycle3.vcf.gz,SOX2/SOX2.YWN_B_AffSeq_C2_SOX2.Cycle4.vcf.gz,SOX2/SOX2.YWO_B_AffSeq_C2_SOX2.Cycle3.vcf.gz,SOX2/SOX2.YWO_B_AffSeq_C2_SOX2.Cycle4.vcf.gz	7,67,51,9,24,11,7,9,7,10	19,19,41,39,178,55,113,227,219,401	-3.4196378805355123,-0.16090361213534443,-1.684973240838369,-4.115237488674996,-4.8907709302452425,-4.321921347667859,-6.012824040341428,-6.656623485848604,-6.96743213754357,-7.32553033156756	-0.29654707446215056,-3.8181612133498035,-2.314856864594022,0.30533606840165817,0.8975998389319786,0.4475207849166649,2.275704374509452,2.8464823368303245,3.230312471695438,3.4808717897990054	0.9999854671128521,0.604036257267775,0.9999523252707477,0.9999999999697415,1.0,0.9999999999999991,1.0,1.0,1.0,1.0	0.5812173066967841,1.0,0.9999999743458952,0.2926524864135299,0.005524175869894046,0.20327239633002478,1.2919891592799894e-05,1.19884976919222e-11,6.128738350795691e-13,3.501637514360481e-23	-0.1611416617274432	2.9938356275774085	1.0	2.1665466031374817e-25	1.0	9.966114374432416e-24	alt	2.9938356275774085	2.1665466031374817e-25	9.966114374432416e-24	-5	revcomp	-5	revcomp	0.0023005281361353	8.722862302611636e-05	4.721019675149392	Concordant
chr11	1148025	1148026	4.0	rs62653073	82	G	A	8	4,4,4,4,4,4,4,4	SOX2/SOX2.YWE_B_AffSeq_F11_SOX2.Cycle2.vcf.gz,SOX2/SOX2.YWE_B_AffSeq_F11_SOX2.Cycle3.vcf.gz,SOX2/SOX2.YWE_B_AffSeq_F11_SOX2.Cycle4.vcf.gz,SOX2/SOX2.YWH_B_AffSeq_F11_SOX2.Cycle4.vcf.gz,SOX2/SOX2.YWN_B_AffSeq_C2_SOX2.Cycle3.vcf.gz,SOX2/SOX2.YWN_B_AffSeq_C2_SOX2.Cycle4.vcf.gz,SOX2/SOX2.YWO_B_AffSeq_C2_SOX2.Cycle3.vcf.gz,SOX2/SOX2.YWO_B_AffSeq_C2_SOX2.Cycle4.vcf.gz	5,70,46,23,7,13,21,22	9,7,15,59,30,28,47,34	-2.6581380555732284,1.5848084290392306,-0.33183346651409984,-3.3590783296475353,-4.097748598721568,-3.1041219306941064,-3.1622312118702007,-2.627299503855034	-0.8714577864412352,-5.321927857491216,-3.6166210889874764,-0.6323778596566694,0.3624160077027829,-0.8123588961489698,-0.8243619994262721,-1.3612848737883416	1.0,0.004251867656895314,0.6924518117853177,0.999999999999864,0.9999999953386061,0.9999991599364468,0.9999999998559107,0.9999992008099843	0.7795949377591671,1.0,0.999999999988835,0.8949801712472483,0.2730583843949488,0.8680981842353649,0.9354822080045868,0.9915039816611317	1.4639410047440264	0.0009588495694752	1.0	0.9999999993716112	1.0	1.0	alt	0.0009588495694752	0.9999999993716112	1.0	-1	revcomp	-1	revcomp	0.0023005281361353	0.0115117149374965	-2.3230657661921126	No Hit
chr17	82281620	82281621	2.0	rs112707390	36	G	A	1	2	SOX2/SOX2.YWH_B_AffSeq_F11_SOX2.Cycle4.vcf.gz	31	5	1.5758938254682167	-2.633039670155926	0.036129715312150396	1.0	1.5758938254682169	-2.633039670155926	0.0361297153121503	1.0	0.1822221963733721	1.0	ref	1.5758938254682169	0.0361297153121503	0.1822221963733721	-6	revcomp	-6	revcomp	0.0026632881376959	0.0336756285292333	-3.660424447298068	No Hit
chr17	81911684	81911685	2.0	rs373468901	184	C	A	1	2	SOX2/SOX2.YWE_B_AffSeq_F11_SOX2.Cycle4.vcf.gz	166	18	3.0362203274864124	-3.2655038267532026	2.387879501627786e-12	0.9999999999947469	3.0362203274864124	-3.2655038267532026	2.387879501627786e-12	0.9999999999947468	1.0984245707487816e-10	1.0	ref	3.0362203274864124	2.387879501627786e-12	1.0984245707487816e-10	-9	direct	-4	direct	0.0522429339815934	0.0178598640533645	1.5485148225014236	No Hit
chr16	46401544	46401545	3.0	rs4493078	39	A	G	4	3,3,3,3	SOX2/SOX2.YWE_B_AffSeq_F11_SOX2.Cycle3.vcf.gz,SOX2/SOX2.YWH_B_AffSeq_F11_SOX2.Cycle1.vcf.gz,SOX2/SOX2.YWH_B_AffSeq_F11_SOX2.Cycle2.vcf.gz,SOX2/SOX2.YWH_B_AffSeq_F11_SOX2.Cycle4.vcf.gz	20,7,5,9	19,12,16,20	-0.08009886145685918,-1.1302810745144272,-1.9648095918444528,-1.2407217131048753	-0.45163156554760864,-0.20871988278033315,0.34165639740875253,0.32103769310082786	0.4891331240074389,0.7239303922052417,1.0,0.6912028105985092	0.5641810006792439,0.4793250448956255,0.2927744094180089,0.32778198990658264	-0.6256860873097025	0.1001692381125323	0.7159419075695421	0.3426397141701081	0.8558029336377015	1.0	alt	0.1001692381125323	0.3426397141701081	1.0	-1	direct	-1	direct	0.0522429339815934	0.0635034554623543	-0.2815991750735939	No Hit
chr1	234247813	234247814	2.0	rs12077331	429	C	G	3	2,2,2	SOX2/SOX2.YWE_B_AffSeq_F11_SOX2.Cycle3.vcf.gz,SOX2/SOX2.YWE_B_AffSeq_F11_SOX2.Cycle4.vcf.gz,SOX2/SOX2.YWH_B_AffSeq_F11_SOX2.Cycle3.vcf.gz	204,285,60	70,144,12	1.7796690746259332,1.3025977489626062,1.9499873070867815	-1.603531721875119,-1.0452825044583811,-2.2399159650673814	1.760078220785703e-06,0.00022531911737202985,0.004035587387048062	0.9895323047408648,0.5436118577372672,0.9909610343774405	1.6667287148263217	-1.0718619478661138	1.1003105324070671e-08	0.99748065236389	1.6871428163575026e-07	1.0	ref	1.6667287148263217	1.1003105324070671e-08	1.6871428163575026e-07	-2	revcomp	-6	revcomp	0.0187527223046728	0.0497555696511279	-1.4077579856511775	No Hit
chr1	9060105	9060106	1.0	rs113424920	29	T	C	1	1	SOX2/SOX2.YWH_B_AffSeq_F11_SOX2.Cycle4.vcf.gz	22	7	1.2447703475337808	-1.6086655845275728	0.00810129625691438	0.9946965092278586	1.2447703475337808	-1.6086655845275728	0.0081012962569143	0.9946965092278586	0.0532370896882944	1.0	ref	1.2447703475337808	0.0081012962569143	0.0532370896882944	-6	direct	-6	direct	0.00018162426278805403	0.0011612229212004	-2.676616107402686	Concordant
chr1	71283106	71283107	2.0	rs4436339	199	G	C	10	2,2,2,2,2,2,2,2,2,2	SOX2/SOX2.YWH_B_AffSeq_F11_SOX2.Cycle3.vcf.gz,SOX2/SOX2.YWH_B_AffSeq_F11_SOX2.Cycle4.vcf.gz,SOX2/SOX2.YWL_B_AffSeq_G5_SOX2.Cycle2.vcf.gz,SOX2/SOX2.YWL_B_AffSeq_G5_SOX2.Cycle3.vcf.gz,SOX2/SOX2.YWL_B_AffSeq_G5_SOX2.Cycle4.vcf.gz,SOX2/SOX2.YWN_B_AffSeq_C2_SOX2.Cycle3.vcf.gz,SOX2/SOX2.YWN_B_AffSeq_C2_SOX2.Cycle4.vcf.gz,SOX2/SOX2.YWO_B_AffSeq_C2_SOX2.Cycle2.vcf.gz,SOX2/SOX2.YWO_B_AffSeq_C2_SOX2.Cycle3.vcf.gz,SOX2/SOX2.YWO_B_AffSeq_C2_SOX2.Cycle4.vcf.gz	9,22,8,33,31,14,18,6,49,135	7,10,10,42,61,29,83,5,24,64	-0.3467399376846223,0.6696868458400331,-0.7897447727972642,-0.19637356409021223,-0.7303778808919921,-0.9559537366401156,-1.9974378729398978,-0.7933399841975022,1.008891445270275,1.2966926930626137	-0.9996038497138331,-1.2603300670282445,-0.3711119308412325,0.33524084173335034,0.9757695725195985,0.7453285530430458,1.9333396724403276,-1.1679008935401218,-0.9343350168763287,-1.137204993899421	0.46347972963284323,0.18293847696119794,0.6809828902845686,0.46908915592469824,0.5516235373697775,0.6263145853682226,0.9776562788966763,0.8137785424120254,0.12283225836839909,0.004950407484322672	0.78629678158699,0.7984998471011986,0.4473886173969046,0.31378754461429065,0.1701724269865932,0.2081459973491999,0.002973320063776649,1.0,0.5822525878910336,0.6786632389068554	0.6767081445742328	1.0199998894524995	0.3421747621703521	0.1340356882308163	0.7495256695160095	0.8808059512310789	alt	1.0199998894524995	0.1340356882308163	0.8808059512310789	-6	revcomp	-8	revcomp	0.0389846148231493	0.1857628658990039	-2.2524853494351897	No Hit
chr3	155968702	155968703	3.0	rs6763830	145	T	C	7	3,3,3,3,3,3,3	SOX2/SOX2.YWL_B_AffSeq_G5_SOX2.Cycle2.vcf.gz,SOX2/SOX2.YWL_B_AffSeq_G5_SOX2.Cycle3.vcf.gz,SOX2/SOX2.YWL_B_AffSeq_G5_SOX2.Cycle4.vcf.gz,SOX2/SOX2.YWN_B_AffSeq_C2_SOX2.Cycle3.vcf.gz,SOX2/SOX2.YWN_B_AffSeq_C2_SOX2.Cycle4.vcf.gz,SOX2/SOX2.YWO_B_AffSeq_C2_SOX2.Cycle3.vcf.gz,SOX2/SOX2.YWO_B_AffSeq_C2_SOX2.Cycle4.vcf.gz	9,19,22,11,30,36,131	11,23,50,5,15,6,14	-0.6378703332021405,-0.17034525307939852,-1.0805149841166415,0.06569664564427447,0.7150165540917959,1.628193720490151,2.9807571454716753	-0.5414587831492375,-0.14465454136307532,0.8428867233640913,-1.891152322881227,-1.2571274031501343,-2.8482450634455576,-3.55851767279488	0.6258197707303066,0.5282761857462481,0.5111885876646792,0.36610869698126114,0.20563643283666236,0.012902223523437074,9.244498041389714e-09	0.5572292585784324,0.5222618159559608,0.19292131275107818,1.0,0.6309899241016563,0.9438700100171445,0.9998959235079923	2.288872183568959	0.0684426618804882	3.916382938549959e-06	0.9939185186127314	4.503840379332453e-05	1.0	ref	2.288872183568959	3.916382938549959e-06	4.503840379332453e-05	-7	revcomp	-9	revcomp	0.0227932002222751	0.0206737845176243	0.1408009858907908	No Hit
chr8	139997584	139997585	2.0	rs67701955	353	C	A	5	2,2,2,2,2	SOX2/SOX2.YWE_B_AffSeq_F11_SOX2.Cycle3.vcf.gz,SOX2/SOX2.YWE_B_AffSeq_F11_SOX2.Cycle4.vcf.gz,SOX2/SOX2.YWH_B_AffSeq_F11_SOX2.Cycle3.vcf.gz,SOX2/SOX2.YWL_B_AffSeq_G5_SOX2.Cycle2.vcf.gz,SOX2/SOX2.YWL_B_AffSeq_G5_SOX2.Cycle3.vcf.gz	249,244,32,26,163	104,81,13,17,92	1.4947614156779085,1.799947147952217,0.9939652397735133,0.4662508065406783,1.0450002894025578	-1.3199516107755782,-1.6512767315268517,-1.3133660509320761,-0.6617264179139513,-0.8855555950226544	2.5440573361211377e-05,2.0935525570594413e-07,0.14419461657737692,0.289412189796785,0.03423530510687094	0.8848688865752768,0.9965839865845871,0.8219147456120873,0.4993945201025836,0.46438785593652276	1.523390475316582	-0.876716398659459	2.603160973424677e-09	0.9863684197610032	5.987270238876757e-08	1.0	ref	1.523390475316582	2.603160973424677e-09	5.987270238876757e-08	-4	direct	-4	direct	0.0548543128485211	0.008181516989761	2.745164782281781	No Hit
chr10	97141770	97141771	3.0	rs113758464	300	C	T	7	3,3,3,3,3,3,3	SOX2/SOX2.YWH_B_AffSeq_F11_SOX2.Cycle3.vcf.gz,SOX2/SOX2.YWH_B_AffSeq_F11_SOX2.Cycle4.vcf.gz,SOX2/SOX2.YWL_B_AffSeq_G5_SOX2.Cycle2.vcf.gz,SOX2/SOX2.YWN_B_AffSeq_C2_SOX2.Cycle3.vcf.gz,SOX2/SOX2.YWO_B_AffSeq_C2_SOX2.Cycle2.vcf.gz,SOX2/SOX2.YWO_B_AffSeq_C2_SOX2.Cycle3.vcf.gz,SOX2/SOX2.YWO_B_AffSeq_C2_SOX2.Cycle4.vcf.gz	41,112,17,78,21,100,164	5,54,5,55,8,47,136	1.963817031625061,1.3392985685169458,0.6937278682573162,0.8653264708969042,0.6834678613446141,1.1727838676761904,0.35260822882645027	-3.319700596567945,-1.384917038051226,-2.246934081929251,-0.836933264457592,-1.7873764394731344,-1.4217171647714588,-0.6025387559803326	0.0025618395490273134,0.019955726210646122,0.16162284825159182,0.12638337835199817,0.18699821319419585,0.08176408921901406,0.3353638247625289	1.0,0.46703508311740444,1.0,0.46535305557025447,0.6986265248416168,0.46771910421647983,0.4667006258185748	1.2854823699693985	-1.1374464550241206	0.000211846672447	0.5310154797826268	0.0019489893865126	1.0	ref	1.2854823699693985	0.000211846672447	0.0019489893865126	-5	revcomp	-5	revcomp	0.0037477756541836	0.0002316722055744405	4.015877719184855	Discordant
chr11	71410442	71410443	2.0	rs58906324	109	A	G	12	2,2,2,2,2,2,2,2,2,2,2,2	SOX2/SOX2.YWE_B_AffSeq_F11_SOX2.Cycle3.vcf.gz,SOX2/SOX2.YWE_B_AffSeq_F11_SOX2.Cycle4.vcf.gz,SOX2/SOX2.YWH_B_AffSeq_F11_SOX2.Cycle3.vcf.gz,SOX2/SOX2.YWH_B_AffSeq_F11_SOX2.Cycle4.vcf.gz,SOX2/SOX2.YWL_B_AffSeq_G5_SOX2.Cycle2.vcf.gz,SOX2/SOX2.YWL_B_AffSeq_G5_SOX2.Cycle3.vcf.gz,SOX2/SOX2.YWL_B_AffSeq_G5_SOX2.Cycle4.vcf.gz,SOX2/SOX2.YWN_B_AffSeq_C2_SOX2.Cycle3.vcf.gz,SOX2/SOX2.YWN_B_AffSeq_C2_SOX2.Cycle4.vcf.gz,SOX2/SOX2.YWO_B_AffSeq_C2_SOX2.Cycle2.vcf.gz,SOX2/SOX2.YWO_B_AffSeq_C2_SOX2.Cycle3.vcf.gz,SOX2/SOX2.YWO_B_AffSeq_C2_SOX2.Cycle4.vcf.gz	65,44,19,62,12,51,45,20,36,6,37,61	35,20,12,47,10,33,20,16,19,9,38,40	1.0126675332652777,1.0047337827279055,0.291024224921848,0.547968147623572,-0.2047822720761081,0.7915011338713693,1.037155260420283,0.17507186078370385,0.72990758526179,-1.1347254268954274,0.12776155033618597,0.7487684426603165	-0.8279223152136472,-1.0727261831353632,-0.9361856759143734,-0.30393399600980153,-0.6722387736949407,-0.5252014274497077,-1.0827796265894598,-0.533910487331946,-0.8940511528851305,-0.31990398698517186,0.06968642911210665,-0.5199998521717566	0.12846409925145957,0.1229641607957499,0.2785975503372759,0.31267558546877106,0.3608062822664185,0.21995367106799935,0.1124050000558135,0.32837972803635596,0.22697325557931508,0.8887539490833267,0.40172698218482455,0.2232965299945115	0.5184801212414468,0.6786015921259204,0.6792338851850618,0.4773568141139778,0.5711497298070641,0.4605778494834834,0.6697163617912602,0.4573357582632604,0.6046878619426911,0.4590686627490728,0.3485129368680411,0.4656779294887323	0.659149259975823	-0.5398173918807823	0.039613520950733	0.6043371737325718	0.1822221963733721	1.0	ref	0.659149259975823	0.039613520950733	0.1822221963733721	-5	direct	-5	direct	0.0005863352260185012	0.0099438731499712	-4.084010253518153	Concordant
chr13	40445694	40445695	2.0	rs4943782	40	C	T	4	2,2,2,2	SOX2/SOX2.YWL_B_AffSeq_G5_SOX2.Cycle4.vcf.gz,SOX2/SOX2.YWO_B_AffSeq_C2_SOX2.Cycle2.vcf.gz,SOX2/SOX2.YWO_B_AffSeq_C2_SOX2.Cycle3.vcf.gz,SOX2/SOX2.YWO_B_AffSeq_C2_SOX2.Cycle4.vcf.gz	5,5,5,31	7,5,7,9	-1.1947368442395723,-1.056374390031296,-1.1947368442395723,1.2345083827702914	-0.6540033339129985,-1.1394301610832405,-0.6540033339129985,-1.785042763600976	1.0,1.0,1.0,0.09367404454816596	0.6884481505176461,1.0,0.6884481505176461,0.9562205456902771	1.2345083827702914	-0.7179824534182286	0.0936740445481659	0.9336999064867436	0.3917278226559667	1.0	ref	1.2345083827702914	0.0936740445481659	0.3917278226559667	-6	direct	-4	revcomp	0.1086135981566271	0.0196894393526608	2.463710799449813	No Hit
chr3	146231075	146231076	3.0	rs10935613	37	G	A	2	3,3	SOX2/SOX2.YWO_B_AffSeq_C2_SOX2.Cycle3.vcf.gz,SOX2/SOX2.YWO_B_AffSeq_C2_SOX2.Cycle4.vcf.gz	7,21	5,16	-0.5863800509354187,0.1055797360469457	-1.471754288614127,-0.7873764394731344	0.6227142941184098,0.419843045057678	1.0,0.555018559634203	-0.1387353019218761	-0.7873764394731344	0.5292889814947938	0.555018559634203	0.8416724598392634	1.0	ref	-0.1387353019218761	0.5292889814947938	0.8416724598392634	-6	revcomp	-8	revcomp	0.0263865277366616	0.0371288638242103	-0.4927396525098592	No Hit
chr8	129707624	129707625	2.0	rs10110525	33	T	A	4	2,2,2,2	SOX2/SOX2.YWL_B_AffSeq_G5_SOX2.Cycle3.vcf.gz,SOX2/SOX2.YWN_B_AffSeq_C2_SOX2.Cycle4.vcf.gz,SOX2/SOX2.YWO_B_AffSeq_C2_SOX2.Cycle3.vcf.gz,SOX2/SOX2.YWO_B_AffSeq_C2_SOX2.Cycle4.vcf.gz	5,11,6,12	24,22,15,18	-2.283890303957571,-1.0505919667714991,-1.4845380700712285,-0.7538566031393561	1.1236042447505534,0.513841437264376,0.4170616071810347,0.1757581328600093	1.0,0.6827038516247033,0.9224823710493849,0.5646491748335478	0.09554261716719302,0.2193631194023978,0.1838378423603094,0.2653829557086591	-0.9204233410768904	0.6328486798935317	0.8734759141492436	0.0477849340551055	0.9537543096856193	0.6130088881179105	alt	0.6328486798935317	0.0477849340551055	0.6130088881179105	-2	direct	-2	direct	0.0090200228966257	0.0005319827509997655	4.0836797219778775	Concordant
chr17	15033792	15033793	3.0	rs2098086	48	A	T	4	3,3,3,3	SOX2/SOX2.YWL_B_AffSeq_G5_SOX2.Cycle3.vcf.gz,SOX2/SOX2.YWN_B_AffSeq_C2_SOX2.Cycle4.vcf.gz,SOX2/SOX2.YWO_B_AffSeq_C2_SOX2.Cycle3.vcf.gz,SOX2/SOX2.YWO_B_AffSeq_C2_SOX2.Cycle4.vcf.gz	7,13,28,42	6,5,12,6	-0.7343763588945569,0.30670474514806934,0.8697189254855724,1.8505861418265996	-1.2087198827803332,-2.0257653022847566,-1.4809863910898242,-3.0927545730856236	0.6591055870727127,0.2826905248331104,0.13802124561142926,0.004592724256552841	0.8125037690344775,1.0,0.6258606483579738,0.9650256647120182	1.3009784457283031	-1.48217749720682	0.0207335926934127	0.9547130030105844	0.1192181579871232	1.0	ref	1.3009784457283031	0.0207335926934127	0.1192181579871232	-4	direct	-4	direct	0.008181516989761	0.0548543128485211	-2.745164782281781	No Hit
chr17	72587714	72587715	1.0	rs718074	20	T	C	2	1,1	SOX2/SOX2.YWL_B_AffSeq_G5_SOX2.Cycle3.vcf.gz,SOX2/SOX2.YWO_B_AffSeq_C2_SOX2.Cycle3.vcf.gz	6,8	5,12	-0.4540279560203371,-0.6521172398501105	-0.8241426332168373,0.2576713055488846	0.8080890153196203,0.8366264412516593	1.0,0.3038615882594989	-0.5442916691697476	0.2576713055488846	0.8915529416626441	0.3038615882594989	0.9537543096856193	1.0	alt	0.2576713055488846	0.3038615882594989	1.0	-5	revcomp	-2	revcomp	0.0115117149374965	0.0604802458906521	-2.3933612326052507	No Hit
chr3	138486492	138486493	3.0	rs2086351	46	A	G	3	3,3,3	SOX2/SOX2.YWE_B_AffSeq_F11_SOX2.Cycle3.vcf.gz,SOX2/SOX2.YWH_B_AffSeq_F11_SOX2.Cycle4.vcf.gz,SOX2/SOX2.YWL_B_AffSeq_G5_SOX2.Cycle3.vcf.gz	31,13,15	15,9,11	0.7623222688701521,0.0136165968609121,0.09909526096406607	-1.2974863572762958,-1.1777683957298066,-1.0296721968201608	0.18936909824780473,0.4114595819332485,0.3887896088731419	0.6593072238791784,0.6563428241145706,0.6442959919354788	0.3930020827806868	-1.1658424280998467	0.227702384741362	0.7350335776050384	0.6115622518913297	1.0	ref	0.3930020827806868	0.227702384741362	0.6115622518913297	-2	direct	-8	direct	0.0007131418143240417	0.0055363307570537	-2.9566692339827725	Concordant
chr12	129503988	129503989	3.0	rs546037840	34	A	G	8	3,3,3,3,3,3,3,3	SOX2/SOX2.YWE_B_AffSeq_F11_SOX2.Cycle3.vcf.gz,SOX2/SOX2.YWE_B_AffSeq_F11_SOX2.Cycle4.vcf.gz,SOX2/SOX2.YWH_B_AffSeq_F11_SOX2.Cycle3.vcf.gz,SOX2/SOX2.YWH_B_AffSeq_F11_SOX2.Cycle4.vcf.gz,SOX2/SOX2.YWL_B_AffSeq_G5_SOX2.Cycle3.vcf.gz,SOX2/SOX2.YWL_B_AffSeq_G5_SOX2.Cycle4.vcf.gz,SOX2/SOX2.YWN_B_AffSeq_C2_SOX2.Cycle3.vcf.gz,SOX2/SOX2.YWN_B_AffSeq_C2_SOX2.Cycle4.vcf.gz	13,9,9,17,17,16,7,11	11,9,5,15,17,5,8,6	-0.10735561650336045,-0.5168981198378679,-0.2238099715507107,-0.10441120026638373,-0.24492591947493914,0.6062650270069772,-0.9014946393765424,-0.08229966231486374	-0.8882617785348215,-0.8309654003442226,-1.6789623068991726,-0.6619715812080944,-0.481399335566274,-2.247644032796686,-0.7936823835014892,-1.6281179170474331	0.4620090124455181,0.592631783990823,0.4700540008940467,0.46829746231830593,0.5077279042304848,0.18680344421640888,0.6832334373303304,0.4261332227160526	0.6152981603630168,0.6141820153188222,1.0,0.6130447264268194,0.5886528519375873,1.0,0.6378412863189002,0.8449618857739707	-0.0256281448567268	-0.7840081390016707	0.4219117901529398	0.8209033663924359	0.7829984219479039	1.0	ref	-0.0256281448567268	0.4219117901529398	0.7829984219479039	0	revcomp	0	revcomp	0.0115117149374965	0.0067304536370402	0.7743271206100232	No Hit
chr17	56401387	56401388	2.0	rs199720991	66	G	A	2	2,2	SOX2/SOX2.YWE_B_AffSeq_F11_SOX2.Cycle3.vcf.gz,SOX2/SOX2.YWE_B_AffSeq_F11_SOX2.Cycle4.vcf.gz	6,27	14,39	-1.488089304351667,-0.37299815765604105	0.31752593363012016,0.5156069043717517	0.9279003528817127,0.44326117223805717	0.20172729423019756,0.282477937594891	-0.4669206772579575	0.4049275380792496	0.8281018981456164	0.1738324725564774	0.929089934504838	0.9995367171997452	alt	0.4049275380792496	0.1738324725564774	0.9995367171997452	-8	revcomp	-3	revcomp	0.0011612229212004	0.00018162426278805403	2.676616107402686	Concordant
chr9	137900870	137900871	4.0	rs13300135	49	T	C	2	4,4	SOX2/SOX2.YWE_B_AffSeq_F11_SOX2.Cycle4.vcf.gz,SOX2/SOX2.YWH_B_AffSeq_F11_SOX2.Cycle4.vcf.gz	10,44	12,5	-2.1621669354169843,1.41804883075375	-1.5816241359347583,-5.137424973822284	0.9921722046073519,0.01791056677894625	0.9561172989601913,1.0	1.4110677133451768	-1.5816241359347585	0.6352667176802014	0.9561172989601912	0.8416724598392634	1.0	ref	1.4110677133451768	0.6352667176802014	0.8416724598392634	-2	revcomp	-2	revcomp	0.0027967724931793	0.0017165893976812	0.7042179079437506	No Hit
chr2	239642780	239642781	3.0	rs111214462	26	G	C	1	3	SOX2/SOX2.YWH_B_AffSeq_F11_SOX2.Cycle4.vcf.gz	13	13	-0.29641329139333017	-0.6472536790310266	0.5107354944097741	0.5862290320438963	-0.2964132913933301	-0.6472536790310266	0.5107354944097741	0.5862290320438963	0.8416724598392634	1.0	ref	-0.2964132913933301	0.5107354944097741	0.8416724598392634	-4	revcomp	-2	revcomp	0.0099438731499712	0.0055363307570537	0.8448777561307917	No Hit
chr15	70558777	70558778	2.0	rs371102004	22	C	A	1	2	SOX2/SOX2.YWH_B_AffSeq_F11_SOX2.Cycle4.vcf.gz	9	13	-0.8361097587841746	-0.10651905363034508	0.6355875685047657	0.3263773449124074	-0.8361097587841746	-0.106519053630345	0.6355875685047657	0.3263773449124074	0.8416724598392634	1.0	alt	-0.106519053630345	0.3263773449124074	1.0	-8	direct	-6	direct	0.0099438731499712	0.0064101331088271	0.6334535773611049	No Hit
chr20	61190323	61190324	2.0	rs2426965	21	T	C	2	2,2	SOX2/SOX2.YWH_B_AffSeq_F11_SOX2.Cycle4.vcf.gz,SOX2/SOX2.YWL_B_AffSeq_G5_SOX2.Cycle3.vcf.gz	9,7	12,5	-0.7869782870794251,-0.5709475628610541	-0.2219962710502812,-1.274918896985735	0.6193872744332563,0.648004361579583	0.36782775232578496,1.0	-0.6843072036326692	-0.2219962710502812	0.6744193225992521	0.3678277523257849	0.8416724598392634	1.0	alt	-0.2219962710502812	0.3678277523257849	1.0	-6	direct	-5	direct	0.032070140329847	0.0522429339815934	-0.7040052548036579	No Hit
chr1	2147117	2147118	2.0	rs196127	36	T	A	5	2,2,2,2,2	SOX2/SOX2.YWL_B_AffSeq_G5_SOX2.Cycle3.vcf.gz,SOX2/SOX2.YWL_B_AffSeq_G5_SOX2.Cycle4.vcf.gz,SOX2/SOX2.YWN_B_AffSeq_C2_SOX2.Cycle4.vcf.gz,SOX2/SOX2.YWO_B_AffSeq_C2_SOX2.Cycle3.vcf.gz,SOX2/SOX2.YWO_B_AffSeq_C2_SOX2.Cycle4.vcf.gz	23,9,5,6,5	13,11,7,9,8	0.5175271958305263,-0.6670531914062043,-1.1947368442395723,-1.1347254268954274,-1.3140414857908178	-0.9207070547224547,-0.34752715313413995,-0.6540033339129985,-0.31990398698517186,-0.46135825597060265	0.2505889474593131,0.5997288172091737,1.0,0.8887539490833267,1.0	0.6387456629508663,0.42242129756941926,0.6884481505176461,0.4590686627490728,0.5551408691299321	0.1198885911665629	-0.4841735080537478	0.6769974133489728	0.6103898212021813	0.8416724598392634	1.0	alt	-0.4841735080537478	0.6103898212021813	1.0	-4	direct	-4	direct	0.1684899187492445	0.0389846148231493	2.111685487713592	No Hit
chr2	237980331	237980332	3.0	rs895574	52	T	C	2	3,3	SOX2/SOX2.YWL_B_AffSeq_G5_SOX2.Cycle3.vcf.gz,SOX2/SOX2.YWN_B_AffSeq_C2_SOX2.Cycle3.vcf.gz	10,5	42,10	-1.8032240318551342,-1.423734917697431	1.3036922782800557,-0.3364155077038853	0.7441764640327839,1.0	0.04486057736691235,0.5107590734767018	-1.8032240318551345	1.0118747878938634	0.7441764640327839	0.1124496916216117	0.8558029336377015	0.8621143024323568	alt	1.0118747878938634	0.1124496916216117	0.8621143024323568	-5	revcomp	-5	revcomp	0.013992424814151	0.0735111740120842	-2.393317566734324	No Hit
chr3	75778724	75778725	2.0	rs4974328	43	T	G	3	2,2,2	SOX2/SOX2.YWL_B_AffSeq_G5_SOX2.Cycle3.vcf.gz,SOX2/SOX2.YWO_B_AffSeq_C2_SOX2.Cycle3.vcf.gz,SOX2/SOX2.YWO_B_AffSeq_C2_SOX2.Cycle4.vcf.gz	14,5,5	29,14,12	-0.9559537366401156,-1.7511237101854609,-1.634975193634375	0.7453285530430458,0.3459966660870015,0.12360424475055343	0.6263145853682226,1.0,1.0	0.2081459973491999,0.19583686443069456,0.25193718510441526	-0.9559537366401156	0.4159253244064064	0.6263145853682226	0.1060633672643084	0.8416724598392634	0.8621143024323568	alt	0.4159253244064064	0.1060633672643084	0.8621143024323568	-8	direct	-8	direct	0.0004824234843227247	6.18051595536028e-06	6.286429048246236	Concordant
chr3	75779991	75779992	2.0	rs60216003	27	T	A	1	2	SOX2/SOX2.YWL_B_AffSeq_G5_SOX2.Cycle3.vcf.gz	11	16	-0.6874246154663615	0.05440981862707872	0.5451543607087799	0.2818018790623967	-0.6874246154663615	0.0544098186270787	0.5451543607087799	0.2818018790623967	0.8416724598392634	1.0	alt	0.0544098186270787	0.2818018790623967	1.0	-9	revcomp	-9	revcomp	0.0575980824645327	0.0735111740120842	-0.3519427796570284	No Hit
chr5	177961718	177961719	3.0	rs62398878	22	A	G	2	3,3	SOX2/SOX2.YWL_B_AffSeq_G5_SOX2.Cycle3.vcf.gz,SOX2/SOX2.YWL_B_AffSeq_G5_SOX2.Cycle4.vcf.gz	9,11	13,9	-0.8269280080921102,-0.22739150264288277	-0.3004506836454426,-1.043155416326277	0.6225632370144966,0.496608218184952	0.5068081316357631,0.6545080613274474	-0.4694352189375392	-0.5857365405033077	0.5797445262697618	0.6084036726196793	0.8416724598392634	1.0	ref	-0.4694352189375392	0.5797445262697618	0.8416724598392634	-5	direct	-7	direct	0.0371288638242103	0.0548543128485211	-0.5630638869615295	No Hit
chr14	32860833	32860834	2.0	rs12886094	24	G	A	1	2	SOX2/SOX2.YWL_B_AffSeq_G5_SOX2.Cycle3.vcf.gz	12	12	-0.37194078780058115	-0.4092043678611468	0.4255426206238608	0.434574062472021	-0.3719407878005811	-0.4092043678611468	0.4255426206238608	0.434574062472021	0.7829984219479039	1.0	ref	-0.3719407878005811	0.4255426206238608	0.7829984219479039	-6	revcomp	-3	revcomp	0.0178598640533645	0.0371288638242103	-1.055820069214512	No Hit
chr14	43975958	43975959	2.0	rs10141066	41	C	T	4	2,2,2,2	SOX2/SOX2.YWL_B_AffSeq_G5_SOX2.Cycle3.vcf.gz,SOX2/SOX2.YWL_B_AffSeq_G5_SOX2.Cycle4.vcf.gz,SOX2/SOX2.YWN_B_AffSeq_C2_SOX2.Cycle4.vcf.gz,SOX2/SOX2.YWO_B_AffSeq_C2_SOX2.Cycle4.vcf.gz	11,15,12,17	30,20,9,6	-1.3244889751675206,-0.5478072403008731,-0.13472542689542744,0.664582139061765	0.9613004142355974,0.1266010362919019,-0.8242418671399907,-1.7751256256310644	0.789904151853627,0.5000088899657487,0.3365539899006141,0.1518478915932308	0.15244858957336685,0.3119662255725175,0.6561749783355835,0.9640058745144852	0.1060420386950541	0.440456758973291	0.3798556487100453	0.6576507568368506	0.7679692894129285	1.0	ref	0.1060420386950541	0.3798556487100453	0.7679692894129285	-1	direct	-7	revcomp	0.0473868451464137	0.0146926998745407	1.6893870900835355	No Hit
chr17	80734832	80734833	3.0	rs9891160	26	G	A	1	3	SOX2/SOX2.YWL_B_AffSeq_G5_SOX2.Cycle3.vcf.gz	20	6	0.7801968139352016	-2.1145965782700378	0.1473265868204771	0.8736432513506464	0.7801968139352016	-2.1145965782700378	0.1473265868204771	0.8736432513506464	0.4814662475072073	1.0	ref	0.7801968139352016	0.1473265868204771	0.4814662475072073	-7	revcomp	-7	revcomp	0.0409342957854032	0.0409342957854032	0.0	No Hit
chr20	10986565	10986566	2.0	rs6108787	29	T	G	4	2,2,2,2	SOX2/SOX2.YWL_B_AffSeq_G5_SOX2.Cycle3.vcf.gz,SOX2/SOX2.YWL_B_AffSeq_G5_SOX2.Cycle4.vcf.gz,SOX2/SOX2.YWO_B_AffSeq_C2_SOX2.Cycle3.vcf.gz,SOX2/SOX2.YWO_B_AffSeq_C2_SOX2.Cycle4.vcf.gz	13,7,18,15	16,5,5,10	-0.4464165159625666,-0.5709475628610541,0.7916225165236539,0.11714582281125452	-0.044397083111441304,-1.274918896985735,-2.119771664019235,-0.8733989637080986	0.45322738476524593,0.648004361579583,0.13295851539768072,0.259707290219108	0.30816706943153904,1.0,1.0,0.6360457702774314	0.2514018106027971	-0.2745831286034033	0.2393069681313899	0.458751590458627	0.6115622518913297	1.0	ref	0.2514018106027971	0.2393069681313899	0.6115622518913297	-7	revcomp	-9	direct	0.0196894393526608	0.0771874493449337	-1.9709442530261685	No Hit
chr15	84959880	84959881	2.0	rs71397834	21	G	A	1	2	SOX2/SOX2.YWN_B_AffSeq_C2_SOX2.Cycle4.vcf.gz	9	12	-0.7869782870794251	-0.2219962710502812	0.6193872744332563	0.36782775232578496	-0.7869782870794251	-0.2219962710502812	0.6193872744332563	0.3678277523257849	0.8416724598392634	1.0	alt	-0.2219962710502812	0.3678277523257849	1.0	-4	direct	-4	direct	0.0666777626949888	0.0115117149374965	2.5341029245226188	No Hit
chr3	42732469	42732470	2.0	rs12491179	20	C	T	1	2	SOX2/SOX2.YWO_B_AffSeq_C2_SOX2.Cycle3.vcf.gz	15	5	0.5285881106898604	-1.8733989637080986	0.16746652087207212	1.0	0.5285881106898604	-1.8733989637080983	0.1674665208720721	1.0	0.4814662475072073	1.0	ref	0.5285881106898604	0.1674665208720721	0.4814662475072073	0	revcomp	0	revcomp	0.0371288638242103	0.0371288638242103	0.0	No Hit
chr12	31608480	31608481	3.0	rs1716210	39	A	G	2	3,3	SOX2/SOX2.YWO_B_AffSeq_C2_SOX2.Cycle3.vcf.gz,SOX2/SOX2.YWO_B_AffSeq_C2_SOX2.Cycle4.vcf.gz	26,33	5,6	1.306704745148069,1.5026628384062923	-2.609329478433811,-2.6586790159112565	0.038873729263603614,0.021179695926120262	1.0,0.9293705251438776	1.4130615792483847	-2.6586790159112565	0.0051197341376392	0.9293705251438776	0.0392512950552344	1.0	ref	1.4130615792483847	0.0051197341376392	0.0392512950552344	-2	revcomp	-2	revcomp	0.0575980824645327	0.0429812339414169	0.4223138812990914	No Hit
chr14	99812517	99812518	2.0	rs12891247	28	A	C	2	2,2	SOX2/SOX2.YWO_B_AffSeq_C2_SOX2.Cycle3.vcf.gz,SOX2/SOX2.YWO_B_AffSeq_C2_SOX2.Cycle4.vcf.gz	12,19	6,9	0.16208179853258198,0.5282395858270017	-1.4092043678611468,-1.3512231751932173	0.2439604516782402,0.1924138483459152	0.9269072013367978,0.8664721031492542	0.3593670395822848	-1.3712976847905542	0.1491367744014626	0.9577695549200772	0.4814662475072073	1.0	ref	0.3593670395822848	0.1491367744014626	0.4814662475072073	-5	direct	-2	revcomp	0.0227932002222751	0.0666777626949888	-1.5486022001472286	No Hit
chr1	103074424	103074425	2.0	rs7522293	23	A	G	1	2	SOX2/SOX2.YWO_B_AffSeq_C2_SOX2.Cycle4.vcf.gz	9	14	-0.9031268036305109	0.0003961502861669075	0.6681295599330137	0.29548196593093695	-0.9031268036305108	0.0003961502861669	0.6681295599330137	0.2954819659309369	0.8416724598392634	1.0	alt	0.0003961502861669	0.2954819659309369	1.0	0	revcomp	0	revcomp	0.00010581917958587796	1.954450753395004e-05	2.436765999331044	Concordant
chr6	104266489	104266490	3.0	rs2604512	43	G	A	1	3	SOX2/SOX2.YWO_B_AffSeq_C2_SOX2.Cycle4.vcf.gz	5	38	-2.706993677127288	1.5895839108523377	1.0	0.015111985977460423	-2.706993677127288	1.5895839108523375	1.0	0.0151119859774604	1.0	0.3475756774815897	alt	1.5895839108523375	0.0151119859774604	0.3475756774815897	-1	revcomp	-2	direct	0.0938208257359242	0.0371288638242103	1.337367030203651	No Hit
chr12	8885975	8885976	2.0	rs1894815	20	T	C	1	2	SOX2/SOX2.YWO_B_AffSeq_C2_SOX2.Cycle4.vcf.gz	10	10	-0.467816677909902	-0.5481909806388043	0.49124611465545337	0.5158765475522146	-0.467816677909902	-0.5481909806388043	0.4912461146554533	0.5158765475522146	0.8416724598392634	1.0	ref	-0.467816677909902	0.4912461146554533	0.8416724598392634	-1	revcomp	-1	revcomp	8.722862302611636e-05	6.18051595536028e-06	3.8190024299326377	Discordant
chr16	85972616	85972617	2.0	rs4843331	20	C	T	1	2	SOX2/SOX2.YWO_B_AffSeq_C2_SOX2.Cycle4.vcf.gz	15	5	0.5285881106898604	-1.8733989637080986	0.16746652087207212	1.0	0.5285881106898604	-1.8733989637080983	0.1674665208720721	1.0	0.4814662475072073	1.0	ref	0.5285881106898604	0.1674665208720721	0.4814662475072073	-9	revcomp	-9	revcomp	0.0497555696511279	0.0575980824645327	-0.2111627524161735	No Hit
