#chr	start	end	mean_bad	id	max_cover	ref	alt	n_reps	bads	scorefiles	ref_counts	alt_counts	ref_es	alt_es	ref_pval	alt_pval	ref_comb_es	alt_comb_es	ref_comb_pval	alt_comb_pval	ref_fdr_comb_pval	alt_fdr_comb_pval	pref_allele	comb_es	comb_pval	fdr_comb_pval	ref_motif_pos	ref_motif_orient	alt_motif_pos	alt_motif_orient	ref_motif_pval	alt_motif_pval	motif_fc	motif_conc	grasp	ebi	clinvar	phewas	finemapping	eQTL_cis	eQTL_cis_gene	eQTL_trans	eQTL_trans_gene	ADASTRA_TF	ADASTRA_CL
chr9	137781253	137781254	4.0	rs79286518	104	G	A	2	4,4	ZNF518B/ZNF518B.YWN_B_AffSeq_H1_ZNF518B.Cycle3.vcf.gz,ZNF518B/ZNF518B.YWN_B_AffSeq_H1_ZNF518B.Cycle4.vcf.gz	21,50	9,54	-0.5877487276818298,-2.1110228783594343	-3.2090258496615975,-1.8889480966326309	0.7334918273789172,0.9999999329055006	0.9999871827473342,0.9999986536454779	-0.5877490574349623	-3.0835434493028444	0.9999982752922436	0.9999999725280864	1.0	1.0	ref	-0.5877490574349623	0.9999982752922436	1.0	-8	revcomp	-8	revcomp	0.0409341770337846	0.0389847218618331	0.0703970491857624	No Hit	-	-	-	-	-	-	-	-	-	-	-
chr9	137781200	137781201	4.0	rs117050229	88	T	C	2	4,4	ZNF518B/ZNF518B.YWN_B_AffSeq_H1_ZNF518B.Cycle3.vcf.gz,ZNF518B/ZNF518B.YWN_B_AffSeq_H1_ZNF518B.Cycle4.vcf.gz	8,44	22,44	-3.4487477150386807,-1.9999214500723497	-0.3132474709720796,-1.9999214500723497	0.9999965225219867,0.9999976414211605	0.6033233864962767,0.9999976414211605	-2.8632205487228	-0.313255343769397	0.9999999810414024	0.9999691137218644	1.0	1.0	alt	-0.313255343769397	0.9999691137218644	1.0	-18	revcomp	-12	direct	0.0409341770337846	0.0206747149256283	0.9854384539254136	No Hit	-	-	-	-	-	-	-	-	-	-	-
chr12	2739210	2739211	2.0	rs10744573	33	G	T	4	2,2,2,2	ZNF518B/ZNF518B.YWO_B_AffSeq_H1_ZNF518B.Cycle2.vcf.gz,ZNF518B/ZNF518B.YWO_B_AffSeq_H1_ZNF518B.Cycle3.vcf.gz,ZNF518B/ZNF518B.YWO_B_AffSeq_H1_ZNF518B.Cycle4.vcf.gz,ZNF518B/ZNF518B.YWR_B_AffSeq_C9_ZNF518B-DBD.Cycle2.vcf.gz	10,13,9,27	13,14,12,6	-0.6841066653391246,-0.37261208693173087,-0.7869782870794251,1.3320067999748941	-0.16967935738507434,-0.23704216105383713,-0.2219962710502812,-2.184832813769341	0.5584172516341328,0.4168230237758715,0.6193872744332563,0.06621710639075405	0.34694164417779355,0.36204373767033776,0.36782775232578496,0.990521193909696	0.5405702633186047	-0.2150571357752631	0.260668915916006	0.7946999785550375	0.6510961220992515	1.0	ref	0.5405702633186047	0.260668915916006	0.6510961220992515	-7	direct	-9	revcomp	0.0047836598517586	0.0336773264073492	-2.815590895922725	No Hit	rheumatoid arthritis	-	-	-	-	-	-	-	-	CTCF_HUMAN;ZNF18_HUMAN;EZH2_HUMAN;ZN195_HUMAN;SSRP1_HUMAN;ZN311_HUMAN;ZBT26_HUMAN;ZFX_HUMAN;ITF2_HUMAN;MNT_HUMAN;PAX8_HUMAN;ZSCA4_HUMAN;CLOCK_HUMAN	HT1080__fibrosarcoma_;glioblastoma_patient-derived_cell_model;SU-DHL-2__anaplastic_large_cell_lymphoma_;HEK293__embryonic_kidney_;HEK293T__embryonic_kidney_;MCF7__Invasive_ductal_breast_carcinoma_;HDF_human_dermal_fibroblasts_;TMD8__diffuse_large_B-cell_lymphoma_;LNCaP_C4-2B__prostate_carcinoma_
chr17	36661871	36661872	2.0	rs11655370	26	G	A	1	2	ZNF518B/ZNF518B.YWR_B_AffSeq_C9_ZNF518B-DBD.Cycle2.vcf.gz	11	15	-0.6100689521550873	-0.03869958576440258	0.5168802347401364	0.3028004848641624	-0.6100689521550873	-0.0386995857644025	0.5168802347401364	0.3028004848641624	0.9037018431955848	1.0	alt	-0.0386995857644025	0.3028004848641624	1.0	-4	direct	-4	direct	0.0005070390403846	0.0017170316578799	-1.7597478998440594	Discordant	-	-	-	-	-	-	-	-	-	ZSCA4_HUMAN;ZSA5A_HUMAN;EZH2_HUMAN;SSRP1_HUMAN;ZFHX2_HUMAN;PRDM2_HUMAN;PKCB1_HUMAN;HIC1_HUMAN;ZNF18_HUMAN;ZBT26_HUMAN	HEK293__embryonic_kidney_;HDF_human_dermal_fibroblasts_;HT1080__fibrosarcoma_
chr15	72967565	72967566	3.0	rs1449270	59	C	T	2	3,3	ZNF518B/ZNF518B.YWN_B_AffSeq_H1_ZNF518B.Cycle4.vcf.gz,ZNF518B/ZNF518B.YWO_B_AffSeq_H1_ZNF518B.Cycle4.vcf.gz	15,16	35,43	-1.1511953294380453,-1.322610057160123	0.6401792014875083,0.8566926270180497	0.5806338988708462,0.5457071800418537	0.23146201682576747,0.14416738245974772	-1.2415290485706918	0.7635098370405898	0.5832650916136954	0.1149548936926925	0.9037018431955848	1.0	alt	0.7635098370405898	0.1149548936926925	1.0	-3	revcomp	-3	direct	0.060478877822493	0.057598899899641	0.0703901133703851	No Hit	acute lung injury following major trauma;fasting insulin;waist hip ratio	-	-	-	-	Esophagus_Mucosa;Esophagus_Muscularis;Nerve_Tibial;Skin_Not_Sun_Exposed_Suprapubic;Skin_Sun_Exposed_Lower_leg;Whole_Blood	ENSG00000067141.16	-	-	PRDM2_HUMAN;ZN600_HUMAN;ZN341_HUMAN;ZN626_HUMAN;SCRT2_HUMAN;PKCB1_HUMAN;ZN362_HUMAN;KLF10_HUMAN;PRDM6_HUMAN;ZN549_HUMAN;ZSA5C_HUMAN;ZBT44_HUMAN;LMBL2_HUMAN;ZN580_HUMAN;ZN174_HUMAN;ZN350_HUMAN;ZN660_HUMAN;ZN692_HUMAN	HEK293T__embryonic_kidney_;HEK293__embryonic_kidney_
chr6	165334423	165334424	3.0	rs3799145	24	C	T	1	3	ZNF518B/ZNF518B.YWO_B_AffSeq_H1_ZNF518B.Cycle3.vcf.gz	6	18	-1.756884219017131	0.479943669464046	0.8548750946026512	0.24866191950834404	-1.756884219017131	0.479943669464046	0.8548750946026512	0.248661919508344	0.9961732124834504	1.0	alt	0.479943669464046	0.248661919508344	1.0	-7	revcomp	-7	revcomp	0.0104421745128623	0.0178600189350622	-0.774311435227365	No Hit	-	-	-	-	-	Testis	ENSG00000112539.14	-	-	-	-
chr3	8745533	8745534	2.0	rs13087941	27	T	C	3	2,2,2	ZNF518B/ZNF518B.YWN_B_AffSeq_H1_ZNF518B.Cycle2.vcf.gz,ZNF518B/ZNF518B.YWR_B_AffSeq_C9_ZNF518B-DBD.Cycle2.vcf.gz,ZNF518B/ZNF518B.YWR_B_AffSeq_C9_ZNF518B-DBD.Cycle3.vcf.gz	6,9,8	5,11,19	-0.7933399841975022,-0.6670531914062043,-1.4400174161805221	-1.1679008935401218,-0.34752715313413995,0.5548874877149905	0.8137785424120254,0.5997288172091737,0.8438679099973285	1.0,0.42242129756941926,0.1952616020993206	-0.8443056973171008	0.2432219058159956	0.8775811633782777	0.2392882222912326	0.9961732124834504	1.0	alt	0.2432219058159956	0.2392882222912326	1.0	-12	revcomp	-12	revcomp	0.0251301145749375	0.0026637299750295	3.2378975013720868	No Hit	fasting insulin;mitral annular calcium	-	-	-	-	-	-	-	-	-	-
chr3	68845034	68845035	2.0	rs11922247	129	C	T	7	2,2,2,2,2,2,2	ZNF518B/ZNF518B.YWN_B_AffSeq_H1_ZNF518B.Cycle2.vcf.gz,ZNF518B/ZNF518B.YWN_B_AffSeq_H1_ZNF518B.Cycle3.vcf.gz,ZNF518B/ZNF518B.YWN_B_AffSeq_H1_ZNF518B.Cycle4.vcf.gz,ZNF518B/ZNF518B.YWO_B_AffSeq_H1_ZNF518B.Cycle2.vcf.gz,ZNF518B/ZNF518B.YWO_B_AffSeq_H1_ZNF518B.Cycle3.vcf.gz,ZNF518B/ZNF518B.YWO_B_AffSeq_H1_ZNF518B.Cycle4.vcf.gz,ZNF518B/ZNF518B.YWR_B_AffSeq_C9_ZNF518B-DBD.Cycle3.vcf.gz	8,25,68,9,40,29,103	21,41,53,7,47,44,26	-1.5171973188394334,-0.5714034054850652,0.571257028448545,-0.3467399376846223,-0.08430006787594024,-0.4604120703161074,2.007626197735809	0.699277397050166,0.6363437067883524,-0.3176658286999601,-0.9996038497138331,0.2553752544770429,0.590414048412355,-2.032979681279218	0.8711702831843671,0.4873732642224372,0.29820965256411497,0.46347972963284323,0.47919658411728855,0.47617850821363267,0.00014904476910989982	0.17651529929991483,0.25710647359569083,0.44720851181026944,0.78629678158699,0.35201608738340967,0.2739068339596492,0.9975678392535895	1.3022037581165158	0.4024235322291085	0.0449112728705149	0.7321722015363633	0.377254692112326	1.0	ref	1.3022037581165158	0.0449112728705149	0.377254692112326	-11	direct	-11	direct	0.0305458556947548	0.0290917258489219	0.0703677698655972	No Hit	-	-	-	-	-	Adipose_Subcutaneous;Breast_Mammary_Tissue;Nerve_Tibial;Skin_Sun_Exposed_Lower_leg;Testis	ENSG00000144746.6;ENSG00000163377.15;ENSG00000163378.13	-	-	COT2_HUMAN;ETV6_HUMAN	Reh__ATCC_CRL-8286_;EBV__Epstein_Barr_Virus_-transformed_B_lymphocyte_cells
chr11	36065006	36065007	3.0	rs75228692	49	A	G	6	3,3,3,3,3,3	ZNF518B/ZNF518B.YWN_B_AffSeq_H1_ZNF518B.Cycle2.vcf.gz,ZNF518B/ZNF518B.YWN_B_AffSeq_H1_ZNF518B.Cycle3.vcf.gz,ZNF518B/ZNF518B.YWN_B_AffSeq_H1_ZNF518B.Cycle4.vcf.gz,ZNF518B/ZNF518B.YWO_B_AffSeq_H1_ZNF518B.Cycle3.vcf.gz,ZNF518B/ZNF518B.YWO_B_AffSeq_H1_ZNF518B.Cycle4.vcf.gz,ZNF518B/ZNF518B.YWR_B_AffSeq_C9_ZNF518B-DBD.Cycle2.vcf.gz	12,18,29,30,19,10	5,9,10,19,14,7	0.19122752772813323,0.48310188016213207,1.1123179825427787,0.5048636392642969,0.19526165737781032,-0.3041261855022577	-1.9626258329490143,-1.4881822054540352,-1.8211542702650774,-0.9160904853150678,-0.8608615753624842,-1.2812702224411008	0.3222561788083008,0.2402031645562745,0.0674575592317374,0.2807106297409834,0.3734433698315676,0.5010212376155787	1.0,0.6764065245810232,0.6890180058829857,0.6224267622359007,0.6193513323325267,0.7272886071710067	0.5521232123339453	-1.2357891991807093	0.0873237604503656	0.8107802952079073	0.5448393932508866	1.0	ref	0.5521232123339453	0.0873237604503656	0.5448393932508866	-14	direct	-17	direct	0.0050228863714495	0.0227938695547669	-2.182057317964788	No Hit	-	-	-	-	-	-	-	-	-	ANDR_HUMAN;ILF3_HUMAN;TAF7_HUMAN;T22D4_HUMAN;IRF9_HUMAN;ZN776_HUMAN	K562__myelogenous_leukemia_;HEK293__embryonic_kidney_;22RV1__prostate_carcinoma_
chr13	25933570	25933571	1.0	rs74998182	32	C	T	2	1,1	ZNF518B/ZNF518B.YWN_B_AffSeq_H1_ZNF518B.Cycle2.vcf.gz,ZNF518B/ZNF518B.YWO_B_AffSeq_H1_ZNF518B.Cycle3.vcf.gz	9,21	5,11	0.130934544700819,0.8257624489230859	-1.0959341620315417,-0.8951773388347464	0.36777774626383175,0.05751076524384552	1.0,0.9362845431985398	0.6455214573960519	-0.8951773388347464	0.0908065655418144	0.9362845431985398	0.5448393932508866	1.0	ref	0.6455214573960519	0.0908065655418144	0.5448393932508866	-3	direct	-3	direct	0.0050228863714495	0.0045558556343237	0.1407946067599896	No Hit	-	-	-	-	-	-	-	-	-	-	-
chr14	71221489	71221490	2.0	rs4902922	62	G	C	5	2,2,2,2,2	ZNF518B/ZNF518B.YWN_B_AffSeq_H1_ZNF518B.Cycle2.vcf.gz,ZNF518B/ZNF518B.YWN_B_AffSeq_H1_ZNF518B.Cycle4.vcf.gz,ZNF518B/ZNF518B.YWO_B_AffSeq_H1_ZNF518B.Cycle2.vcf.gz,ZNF518B/ZNF518B.YWO_B_AffSeq_H1_ZNF518B.Cycle3.vcf.gz,ZNF518B/ZNF518B.YWO_B_AffSeq_H1_ZNF518B.Cycle4.vcf.gz	17,56,7,32,34	7,6,7,22,15	0.5707979021234046,2.3844742198690296,-0.7093100170693303,0.48997641459120356,1.0179622704579545	-1.5527332042946163,-3.1346849341525216,-0.789492069815493,-0.554374150435871,-1.193110617376016	0.20596515159797255,0.0007928852061538186,0.6691082174926629,0.2969420328197938,0.1395185266511145	0.9149160221606734,0.999903883903765,0.723774796569722,0.43605202936653786,0.780797377721981	1.644919434750506	-0.7712470740671521	0.0060877043560184	0.9991873062407868	0.0896225202779993	1.0	ref	1.644919434750506	0.0060877043560184	0.0896225202779993	-18	direct	-18	direct	0.0522446543316871	0.0497571265456586	0.0703802555115664	No Hit	-	-	-	-	-	Artery_Tibial;Brain_Cortex;Brain_Frontal_Cortex_BA9;Esophagus_Gastroesophageal_Junction;Esophagus_Muscularis;Skin_Sun_Exposed_Lower_leg;Stomach;Testis;Thyroid	ENSG00000100731.15;ENSG00000197555.9;ENSG00000259146.3;ENSG00000269945.1	-	-	ANDR_HUMAN;CTCF_HUMAN	22RV1__prostate_carcinoma_;GM23338;HCT-116__colon_carcinoma_
chr15	89905902	89905903	2.0	rs11629791	52	A	G	6	2,2,2,2,2,2	ZNF518B/ZNF518B.YWN_B_AffSeq_H1_ZNF518B.Cycle2.vcf.gz,ZNF518B/ZNF518B.YWN_B_AffSeq_H1_ZNF518B.Cycle4.vcf.gz,ZNF518B/ZNF518B.YWO_B_AffSeq_H1_ZNF518B.Cycle3.vcf.gz,ZNF518B/ZNF518B.YWO_B_AffSeq_H1_ZNF518B.Cycle4.vcf.gz,ZNF518B/ZNF518B.YWR_B_AffSeq_C9_ZNF518B-DBD.Cycle2.vcf.gz,ZNF518B/ZNF518B.YWR_B_AffSeq_C9_ZNF518B-DBD.Cycle3.vcf.gz	22,23,31,19,15,25	8,11,21,8,9,5	0.8234620379591173,0.6865837632084966,0.4369989915474415,0.6119579327654052,0.1872026679919352,1.265553704856066	-1.5822581619156066,-1.1617151542262496,-0.5626503422645275,-1.5211481766355295,-1.0254020571531486,-2.399280202942369	0.1620016746676014,0.18453966287378934,0.3098651044432517,0.20614635451342553,0.24203213654811254,0.072158049651387	0.9074776139733627,0.7614404663781277,0.44017450091868404,0.9156076740624511,0.7130460778239504,1.0	0.7498778836915547	-0.8739699271048174	0.022469469815074	0.9461907730015512	0.2359294330582779	1.0	ref	0.7498778836915547	0.022469469815074	0.2359294330582779	-8	revcomp	-8	revcomp	3.8910173143660746e-07	8.917322416490571e-07	-1.196463180437017	Concordant	advanced age-related macular degeneration	-	-	-	-	Adipose_Subcutaneous;Adipose_Visceral_Omentum;Adrenal_Gland;Artery_Aorta;Artery_Coronary;Artery_Tibial;Brain_Amygdala;Brain_Anterior_cingulate_cortex_BA24;Brain_Caudate_basal_ganglia;Brain_Cerebellar_Hemisphere;Brain_Cerebellum;Brain_Cortex;Brain_Frontal_Cortex_BA9;Brain_Hippocampus;Brain_Hypothalamus;Brain_Nucleus_accumbens_basal_ganglia;Brain_Putamen_basal_ganglia;Brain_Spinal_cord_cervical_c-1;Breast_Mammary_Tissue;Cells_Cultured_fibroblasts;Cells_EBV-transformed_lymphocytes;Colon_Sigmoid;Colon_Transverse;Esophagus_Gastroesophageal_Junction;Esophagus_Mucosa;Esophagus_Muscularis;Heart_Atrial_Appendage;Heart_Left_Ventricle;Kidney_Cortex;Liver;Lung;Minor_Salivary_Gland;Muscle_Skeletal;Nerve_Tibial;Ovary;Pancreas;Pituitary;Prostate;Skin_Not_Sun_Exposed_Suprapubic;Skin_Sun_Exposed_Lower_leg;Small_Intestine_Terminal_Ileum;Spleen;Stomach;Testis;Thyroid;Uterus;Vagina;Whole_Blood	ENSG00000157823.16;ENSG00000166823.5;ENSG00000166825.13;ENSG00000242498.7;ENSG00000259677.1	-	-	ANDR_HUMAN;ZFX_HUMAN	HEK293T__embryonic_kidney_;22RV1__prostate_carcinoma_
chr16	13135370	13135371	2.0	rs1123219	53	A	T	7	2,2,2,2,2,2,2	ZNF518B/ZNF518B.YWN_B_AffSeq_H1_ZNF518B.Cycle2.vcf.gz,ZNF518B/ZNF518B.YWN_B_AffSeq_H1_ZNF518B.Cycle3.vcf.gz,ZNF518B/ZNF518B.YWN_B_AffSeq_H1_ZNF518B.Cycle4.vcf.gz,ZNF518B/ZNF518B.YWO_B_AffSeq_H1_ZNF518B.Cycle3.vcf.gz,ZNF518B/ZNF518B.YWO_B_AffSeq_H1_ZNF518B.Cycle4.vcf.gz,ZNF518B/ZNF518B.YWR_B_AffSeq_C9_ZNF518B-DBD.Cycle2.vcf.gz,ZNF518B/ZNF518B.YWR_B_AffSeq_C9_ZNF518B-DBD.Cycle3.vcf.gz	8,17,13,11,9,10,38	14,11,19,7,7,5,15	-1.073051805072823,0.2504846484018226,-0.73957769803943,-0.05723332048963714,-0.3467399376846223,-0.05637439003129607,1.1784269426512006	0.11431489632900949,-0.9006565077149231,0.2035304303321439,-1.138235259315317,-0.9996038497138331,-1.5481909806388043,-1.2829627035975815	0.7550687551036139,0.23716450001272188,0.548306857884016,0.3517722925737207,0.46347972963284323,0.32755400102003246,0.09905206812365744	0.2649536214427265,0.6444893393817631,0.26674342199977247,0.8293988917289131,0.78629678158699,1.0,0.8048141612622877	0.2578192830267524	-0.1892788062231165	0.2271208924142872	0.7445699315633332	0.6510961220992515	1.0	ref	0.2578192830267524	0.2271208924142872	0.6510961220992515	-4	revcomp	-4	revcomp	0.0058145412492558	0.0146929574225212	-1.3373875363710723	No Hit	years of education	-	-	-	-	-	-	-	-	-	-
chr20	48718149	48718150	2.0	rs6090894	115	G	T	8	2,2,2,2,2,2,2,2	ZNF518B/ZNF518B.YWN_B_AffSeq_H1_ZNF518B.Cycle2.vcf.gz,ZNF518B/ZNF518B.YWN_B_AffSeq_H1_ZNF518B.Cycle3.vcf.gz,ZNF518B/ZNF518B.YWN_B_AffSeq_H1_ZNF518B.Cycle4.vcf.gz,ZNF518B/ZNF518B.YWO_B_AffSeq_H1_ZNF518B.Cycle2.vcf.gz,ZNF518B/ZNF518B.YWO_B_AffSeq_H1_ZNF518B.Cycle3.vcf.gz,ZNF518B/ZNF518B.YWO_B_AffSeq_H1_ZNF518B.Cycle4.vcf.gz,ZNF518B/ZNF518B.YWR_B_AffSeq_C9_ZNF518B-DBD.Cycle2.vcf.gz,ZNF518B/ZNF518B.YWR_B_AffSeq_C9_ZNF518B-DBD.Cycle3.vcf.gz	24,10,13,11,38,21,36,102	18,11,5,13,40,16,7,13	0.2461433968606439,-0.5150500979611543,0.3221372332224339,-0.5466031415891894,0.06595861854101503,0.24546118867510192,1.6532600623153777,2.6663905817450084	-0.5198621443431524,-0.4106874568888692,-1.7224689882240791,-0.2451504632318291,0.13207479568126246,-0.5776117868721009,-2.3346237442711115,-3.0166767546954882	0.3521215836876959,0.5113918462553085,0.20381340400194586,0.4943352362069852,0.4312311121237947,0.31771546891000685,0.017887165525316297,1.4290529399553253e-06	0.43825692290378215,0.4456350549905086,1.0,0.3681836277720579,0.35269490168450074,0.47237913915727103,0.9951839179019664,0.9999994361403526	1.827710931705362	-0.29633640929953	9.294563086703775e-05	0.9997860952254812	0.0039037164964155	1.0	ref	1.827710931705362	9.294563086703775e-05	0.0039037164964155	-1	direct	-1	direct	1.342418659502106e-08	3.928240106348081e-08	-1.5490484400258255	Concordant	diastolic blood pressure (dbp);infant head circumference;systolic blood pressure (sbp)	-	-	-	-	Esophagus_Muscularis;Whole_Blood	ENSG00000124126.13	-	-	YBOX1_HUMAN;SSRP1_HUMAN;SRBP1_HUMAN;ELF1_HUMAN;SMCE1_HUMAN;Z512B_HUMAN;P53_HUMAN;ZN687_HUMAN;SIX4_HUMAN;RFX5_HUMAN;MAZ_HUMAN;NBN_HUMAN;NFIB_HUMAN;MTA1_HUMAN;TBX3_HUMAN;ZN579_HUMAN;ERR1_HUMAN;P66B_HUMAN;FOXA1_HUMAN;ANDR_HUMAN;CTCF_HUMAN;TEAD4_HUMAN;FOS_HUMAN;ZN592_HUMAN;NCOA3_HUMAN;NFXL1_HUMAN;ZNF24_HUMAN;ZFX_HUMAN;FOXK2_HUMAN;CHD1_HUMAN	glioblastoma_patient-derived_cell_model;GM12878__female_B-cells_lymphoblastoid_cell_line_;MCF7__Invasive_ductal_breast_carcinoma_;HepG2__hepatoblastoma_;LNCaP_C4-2B__prostate_carcinoma_;22RV1__prostate_carcinoma_;HT1080__fibrosarcoma_;MCF10A__breast_epithelial_cells_
chr1	105264269	105264270	2.0	rs2809308	92	C	A	6	2,2,2,2,2,2	ZNF518B/ZNF518B.YWN_B_AffSeq_H1_ZNF518B.Cycle3.vcf.gz,ZNF518B/ZNF518B.YWN_B_AffSeq_H1_ZNF518B.Cycle4.vcf.gz,ZNF518B/ZNF518B.YWO_B_AffSeq_H1_ZNF518B.Cycle3.vcf.gz,ZNF518B/ZNF518B.YWO_B_AffSeq_H1_ZNF518B.Cycle4.vcf.gz,ZNF518B/ZNF518B.YWR_B_AffSeq_C9_ZNF518B-DBD.Cycle2.vcf.gz,ZNF518B/ZNF518B.YWR_B_AffSeq_C9_ZNF518B-DBD.Cycle3.vcf.gz	23,22,33,15,11,38	20,28,29,8,22,54	0.06886412014762122,-0.2706898768362054,0.2810854606607336,0.2709210149303387,-1.0505919667714991,-0.2891650708893936	-0.2992186779761843,0.2250967601419971,-0.1990955859178385,-1.1953270585954607,0.513841437264376,0.5650342029573681	0.39739851179302993,0.42631218370277174,0.34750905642707075,0.2712457813461129,0.6827038516247033,0.5112402745652692	0.3722758976164838,0.31694032308271064,0.3452198069684376,0.7934713006453351,0.2193631194023978,0.29949776434625197	-0.0215177617260543	0.1519880161603234	0.3632335963020607	0.2673460164408654	0.7627905522343277	1.0	alt	0.1519880161603234	0.2673460164408654	1.0	-2	revcomp	-2	revcomp	6.655057401161302e-07	1.3835584381078408e-06	-1.0558605662992793	Discordant	-	-	-	-	-	-	-	-	-	ANDR_HUMAN	22RV1__prostate_carcinoma_
chr1	227271823	227271824	2.0	rs1513606	23	A	G	3	2,2,2	ZNF518B/ZNF518B.YWN_B_AffSeq_H1_ZNF518B.Cycle3.vcf.gz,ZNF518B/ZNF518B.YWR_B_AffSeq_C9_ZNF518B-DBD.Cycle2.vcf.gz,ZNF518B/ZNF518B.YWR_B_AffSeq_C9_ZNF518B-DBD.Cycle3.vcf.gz	7,8,5	8,15,6	-0.8286146586205758,-1.0695005707923846,-1.100952607301212	-0.5968469918730972,0.213850569879924,-0.8763957552494466	0.7076106210509606,0.7447128343531562,1.0	0.5995292894092693,0.24446451162420213,0.8404944438074246	-0.9394493865929268	-0.0746835597099602	0.7878403230782605	0.6220270053748533	0.9454083876939126	1.0	alt	-0.0746835597099602	0.6220270053748533	1.0	-14	revcomp	-6	revcomp	0.0666790071113154	0.1386206622341111	-1.055837788739474	No Hit	abnormal involuntary movement scale;aortic valve calcium;college completion;diastolic blood pressure (dbp);ldl cholesterol;major depressive disorder;systolic blood pressure (sbp);tardive dyskinesia;total cholesterol	-	-	-	-	Cells_Cultured_fibroblasts;Esophagus_Mucosa;Minor_Salivary_Gland;Muscle_Skeletal;Nerve_Tibial;Skin_Not_Sun_Exposed_Suprapubic;Skin_Sun_Exposed_Lower_leg	ENSG00000143776.18;ENSG00000181450.17;ENSG00000203685.9	-	-	PRDM9_HUMAN;ANDR_HUMAN;NCOA3_HUMAN;ZN549_HUMAN;ZN121_HUMAN;ZN174_HUMAN;ZN664_HUMAN;PKNX1_HUMAN;ZN768_HUMAN;ZN624_HUMAN	HEK293T__embryonic_kidney_;MCF10A__breast_epithelial_cells_;22RV1__prostate_carcinoma_;HEK293__embryonic_kidney_
chr2	218162457	218162458	4.0	rs144412120	26	G	A	2	4,4	ZNF518B/ZNF518B.YWN_B_AffSeq_H1_ZNF518B.Cycle3.vcf.gz,ZNF518B/ZNF518B.YWO_B_AffSeq_H1_ZNF518B.Cycle3.vcf.gz	5,8	15,18	-3.5334673276837507,-3.1437161679208243	-0.13449219227502862,-0.6027540881670648	1.0,0.9999417114033697	0.48462276450467584,0.7212983054206096	-3.1437161679208243	-0.280038972930955	0.9999417114033696	0.6431799004133467	1.0	1.0	alt	-0.280038972930955	0.6431799004133467	1.0	-11	revcomp	-11	revcomp	0.0522446543316871	0.0251301145749375	1.0558661794512745	No Hit	-	-	-	-	-	-	-	-	-	ZBT26_HUMAN	HEK293__embryonic_kidney_
chr3	30393033	30393034	6.0	rs79107380	29	G	A	3	6,6,6	ZNF518B/ZNF518B.YWN_B_AffSeq_H1_ZNF518B.Cycle3.vcf.gz,ZNF518B/ZNF518B.YWN_B_AffSeq_H1_ZNF518B.Cycle4.vcf.gz,ZNF518B/ZNF518B.YWO_B_AffSeq_H1_ZNF518B.Cycle3.vcf.gz	12,13,23	5,5,6	-0.7529913081088315,-0.6375140906888954,-0.08825416391379015	-3.602757178148902,-3.75526356827115,-4.4813204137305425	0.6982093952683187,0.6586796138175923,0.4618963358740396	1.0,1.0,0.9999999312459895	-0.3904313774986216	-4.481320413730543	0.6718429824077654	0.9999999312459896	0.9037018431955848	1.0	ref	-0.3904313774986216	0.6718429824077654	0.9037018431955848	-16	direct	-16	direct	0.0251301145749375	0.023933704466805	0.0703735338856803	No Hit	-	-	-	-	-	Cells_Cultured_fibroblasts	ENSG00000163513.17	-	-	ANDR_HUMAN	22RV1__prostate_carcinoma_
chr6	164896038	164896039	3.0	rs1511080	277	T	C	4	3,3,3,3	ZNF518B/ZNF518B.YWN_B_AffSeq_H1_ZNF518B.Cycle3.vcf.gz,ZNF518B/ZNF518B.YWN_B_AffSeq_H1_ZNF518B.Cycle4.vcf.gz,ZNF518B/ZNF518B.YWO_B_AffSeq_H1_ZNF518B.Cycle3.vcf.gz,ZNF518B/ZNF518B.YWO_B_AffSeq_H1_ZNF518B.Cycle4.vcf.gz	57,175,80,102	35,102,34,46	0.7748040891181773,0.8483019879441622,1.4371214145989395,1.25211073019649	-1.019007722603166,-1.111235362472403,-1.5725373108912795,-1.4813131408823672	0.21644177292588554,0.320976728485365,0.010877170063553246,0.05753804022861602	0.5132277108760378,0.4667006302822907,0.4817871079122323,0.4686948310619604	1.216970676408878	-1.301761189315387	0.0064016085912856	0.4683497751069443	0.0896225202779993	1.0	ref	1.216970676408878	0.0064016085912856	0.0896225202779993	-9	direct	-9	direct	0.0033996676735963	0.0037481352045552	-0.1407792694894373	No Hit	-	-	-	-	-	-	-	-	-	NBN_HUMAN	HepG2__hepatoblastoma_
chr9	14192730	14192731	2.0	rs10961412	26	T	G	4	2,2,2,2	ZNF518B/ZNF518B.YWN_B_AffSeq_H1_ZNF518B.Cycle3.vcf.gz,ZNF518B/ZNF518B.YWO_B_AffSeq_H1_ZNF518B.Cycle3.vcf.gz,ZNF518B/ZNF518B.YWR_B_AffSeq_C9_ZNF518B-DBD.Cycle2.vcf.gz,ZNF518B/ZNF518B.YWR_B_AffSeq_C9_ZNF518B-DBD.Cycle3.vcf.gz	7,8,15,18	16,10,6,8	-1.3395013120460546,-0.7897447727972642,0.4840098934199446,0.5339554207641322	0.4031530081269028,-0.3711119308412325,-1.6103645578743047,-1.441699758906597	0.8470709429312682,0.6809828902845686,0.17623835755036654,0.22152663388188237	0.20507573384856032,0.4473886173969046,0.9424855945317705,0.8872503531727036	0.2950538130952493	0.0281952479595329	0.4626895152809894	0.8237677355247799	0.9037018431955848	1.0	ref	0.2950538130952493	0.4626895152809894	0.9037018431955848	-11	revcomp	-19	revcomp	0.0305458556947548	0.0451307295668919	-0.5631334449725992	No Hit	2 hour glucose;college completion;obesity with early age of onset (age >2);serum creatinine;years of education	-	-	-	-	-	-	-	-	NCOA3_HUMAN;P53_HUMAN;CENPA_HUMAN;SSRP1_HUMAN;ANDR_HUMAN	HT1080__fibrosarcoma_;22RV1__prostate_carcinoma_;MCF10A__breast_epithelial_cells_;HeLa_S3__cervical_adenocarcinoma_;MCF7__Invasive_ductal_breast_carcinoma_
chr12	78628132	78628133	2.0	rs7136381	28	A	C	3	2,2,2	ZNF518B/ZNF518B.YWN_B_AffSeq_H1_ZNF518B.Cycle3.vcf.gz,ZNF518B/ZNF518B.YWN_B_AffSeq_H1_ZNF518B.Cycle4.vcf.gz,ZNF518B/ZNF518B.YWR_B_AffSeq_C9_ZNF518B-DBD.Cycle3.vcf.gz	9,10,9	6,18,18	-0.25295570074626195,-1.01689100897315,-1.1688941024182	-1.2219962710502812,0.29980592591614563,0.3629662296708749	0.42499797189471744,0.6726573810552298,0.738763683859498	0.8971562105081277,0.2467825795872025,0.2304176630031064	-0.6261084162038077	0.2754603872756954	0.6852897213521405	0.4793695744038979	0.9037018431955848	1.0	alt	0.2754603872756954	0.4793695744038979	1.0	-13	direct	-13	direct	0.0497571265456586	0.013993489540521	1.8301474022238824	No Hit	-	-	-	-	-	-	-	-	-	-	-
chr12	130091264	130091265	3.0	rs113935727	40	G	C	4	3,3,3,3	ZNF518B/ZNF518B.YWN_B_AffSeq_H1_ZNF518B.Cycle3.vcf.gz,ZNF518B/ZNF518B.YWO_B_AffSeq_H1_ZNF518B.Cycle3.vcf.gz,ZNF518B/ZNF518B.YWR_B_AffSeq_C9_ZNF518B-DBD.Cycle2.vcf.gz,ZNF518B/ZNF518B.YWR_B_AffSeq_C9_ZNF518B-DBD.Cycle3.vcf.gz	5,9,13,11	5,12,27,5	-1.0718068781056607,-0.7677109951297192,-0.9333791274947134,0.06569664564427447	-1.3364155077038853,-0.4159279010653787,0.40719410499134945,-1.891152322881227	1.0,0.6192144778020222,0.6663119811768461,0.36610869698126114	1.0,0.5319935801353332,0.3214738854219756,1.0	-0.3602418195170206	0.1130248684857204	0.5826662697410345	0.399100828636922	0.9037018431955848	1.0	alt	0.1130248684857204	0.399100828636922	1.0	-8	revcomp	-16	revcomp	0.0067310628590985	0.0081817141736012	-0.2815688082972258	No Hit	-	-	-	-	-	-	-	-	-	-	-
chr6	108916279	108916280	3.0	rs1951358	45	G	A	2	3,3	ZNF518B/ZNF518B.YWN_B_AffSeq_H1_ZNF518B.Cycle4.vcf.gz,ZNF518B/ZNF518B.YWO_B_AffSeq_H1_ZNF518B.Cycle3.vcf.gz	12,30	9,15	-0.101860620559024,0.7150165540917959	-1.1146289263940643,-1.2571274031501343	0.4529059586189077,0.20563643283666236	0.6476483211727874,0.6309899241016563	0.4424378445075971	-1.187952882380847	0.2635389065639827	0.6814488547954276	0.6510961220992515	1.0	ref	0.4424378445075971	0.2635389065639827	0.6510961220992515	-4	revcomp	-4	revcomp	3.1715392868644264e-06	7.633344916327814e-06	-1.2671321682620538	Concordant	hdl cholesterol	-	-	-	-	-	-	-	-	GRHL2_HUMAN;PKNX1_HUMAN;P53_HUMAN;TEAD4_HUMAN;FOS_HUMAN;ANDR_HUMAN;CTBP1_HUMAN;NCOA3_HUMAN	MCF10A__breast_epithelial_cells_;22RV1__prostate_carcinoma_;MCF7__Invasive_ductal_breast_carcinoma_
chr2	102313846	102313847	3.0	rs1558621	45	A	G	2	3,3	ZNF518B/ZNF518B.YWO_B_AffSeq_H1_ZNF518B.Cycle2.vcf.gz,ZNF518B/ZNF518B.YWO_B_AffSeq_H1_ZNF518B.Cycle3.vcf.gz	11,31	10,14	-0.28623139394749586,0.9015304543211	-0.891152322881227,-1.3970220308272103	0.5169911989265293,0.13200801042497315	0.6289162853822731,0.6629957050168637	0.6096452596104922	-1.1288284681040326	0.2286581653532927	0.6900069077251563	0.6510961220992515	1.0	ref	0.6096452596104922	0.2286581653532927	0.6510961220992515	-14	direct	-8	direct	0.0305458556947548	0.0353607976462169	-0.2111741626393116	No Hit	-	-	-	-	-	Brain_Amygdala;Brain_Anterior_cingulate_cortex_BA24;Brain_Caudate_basal_ganglia;Brain_Cerebellar_Hemisphere;Brain_Cerebellum;Brain_Cortex;Brain_Frontal_Cortex_BA9;Brain_Hippocampus;Brain_Hypothalamus;Brain_Nucleus_accumbens_basal_ganglia;Brain_Putamen_basal_ganglia;Brain_Spinal_cord_cervical_c-1;Brain_Substantia_nigra;Esophagus_Mucosa;Heart_Left_Ventricle;Lung;Testis;Thyroid;Whole_Blood	ENSG00000115602.16;ENSG00000115604.10;ENSG00000115607.9;ENSG00000180251.4;ENSG00000236525.1	-	-	SSRP1_HUMAN;TEAD4_HUMAN;NCOA3_HUMAN;ZFX_HUMAN	HEK293T__embryonic_kidney_;HT1080__fibrosarcoma_;MCF7__Invasive_ductal_breast_carcinoma_;MCF10A__breast_epithelial_cells_
chr3	24273724	24273725	5.0	rs826237	23	A	G	2	5,5	ZNF518B/ZNF518B.YWO_B_AffSeq_H1_ZNF518B.Cycle3.vcf.gz,ZNF518B/ZNF518B.YWO_B_AffSeq_H1_ZNF518B.Cycle4.vcf.gz	15,6	8,10	-1.0709274150014139,-2.8127875660766515	-3.1321332009751446,-1.1544789515078953	0.8424325277204235,0.9973976428356884	0.9997164241686618,0.8369440894432045	-1.0970026550006142	-1.1576250664149252	0.996858205084067	0.9994877722742942	1.0	1.0	ref	-1.0970026550006142	0.996858205084067	1.0	-11	revcomp	-11	revcomp	0.0161991640950043	0.0353607976462169	-1.1262314490253835	No Hit	asthma;college completion;transmission distortion;waist hip ratio	-	-	-	-	-	-	-	-	ESR1_HUMAN;SP1_HUMAN;PBX4_HUMAN;RAD21_HUMAN;ANDR_HUMAN;FOXA2_HUMAN;RXRA_HUMAN;FOXA1_HUMAN;HNF4A_HUMAN	VCaP__prostate_carcinoma_;liver;LHSAR__prostate_epithelial_cells_;22RV1__prostate_carcinoma_;breast_tumor;PC3_bone_mets_prostate_adenocarcinoma_;ZR-75-1__invasive_ductal_carcinoma_
chr3	68830710	68830711	2.0	rs9812717	20	G	A	2	2,2	ZNF518B/ZNF518B.YWO_B_AffSeq_H1_ZNF518B.Cycle3.vcf.gz,ZNF518B/ZNF518B.YWO_B_AffSeq_H1_ZNF518B.Cycle4.vcf.gz	10,7	10,6	-0.467816677909902,-0.6155257801309699	-0.5481909806388043,-1.0118844911519411	0.49124611465545337,0.6664518344421503	0.5158765475522146,0.8609625902108012	-0.5214962691361313	-0.6337227209145999	0.6069808500042133	0.7799220779185623	0.9037018431955848	1.0	ref	-0.5214962691361313	0.6069808500042133	0.9037018431955848	-13	revcomp	-13	revcomp	0.0227938695547669	0.0389847218618331	-0.7742629800234412	No Hit	-	-	-	-	-	Adipose_Subcutaneous;Breast_Mammary_Tissue;Nerve_Tibial;Skin_Sun_Exposed_Lower_leg	ENSG00000144746.6;ENSG00000163378.13	-	-	-	-
chr3	127754644	127754645	2.0	rs6778770	35	A	G	3	2,2,2	ZNF518B/ZNF518B.YWO_B_AffSeq_H1_ZNF518B.Cycle3.vcf.gz,ZNF518B/ZNF518B.YWR_B_AffSeq_C9_ZNF518B-DBD.Cycle2.vcf.gz,ZNF518B/ZNF518B.YWR_B_AffSeq_C9_ZNF518B-DBD.Cycle3.vcf.gz	5,12,23	8,11,12	-1.3140414857908178,-0.2520156921273604,0.5666586675352758	-0.46135825597060265,-0.5347352499450055,-1.0361842721423908	1.0,0.37761226990542696,0.23529485764443162	0.5551408691299321,0.4967016712382892,0.6996422817844106	0.2373065719179253	-0.6173405586865608	0.2456665759357398	0.6366174350541831	0.6510961220992515	1.0	ref	0.2373065719179253	0.2456665759357398	0.6510961220992515	-3	revcomp	-3	revcomp	6.280557444313402e-06	5.981514601924815e-06	0.0703817733376926	Discordant	infant head circumference;ldl cholesterol change with statins;total cholesterol change with statins	-	-	-	-	-	-	-	-	BMI1_HUMAN;HTF4_HUMAN;ATF7_HUMAN;SRF_HUMAN;TADBP_HUMAN;IKZF2_HUMAN;NFXL1_HUMAN;BRD4_HUMAN;SSRP1_HUMAN;ZN217_HUMAN;RB_HUMAN;ZN207_HUMAN;BHE40_HUMAN;SMCA5_HUMAN;HDGF_HUMAN;TRI22_HUMAN;P66B_HUMAN;IKZF1_HUMAN;NFAC3_HUMAN;ZBT40_HUMAN;STAT1_HUMAN;ZN622_HUMAN;PRDM9_HUMAN;EP300_HUMAN;RELB_HUMAN;REQU_HUMAN;BACH1_HUMAN;FOXK2_HUMAN;PKNX1_HUMAN;BCLF1_HUMAN;ENL_HUMAN;NBN_HUMAN;ZN687_HUMAN;IRF3_HUMAN;ELF1_HUMAN;COT1_HUMAN;PAX8_HUMAN;ZNF24_HUMAN;MTA2_HUMAN;ARI3A_HUMAN;STAG1_HUMAN;MEF2B_HUMAN;ARNT_HUMAN;RAD51_HUMAN;EED_HUMAN;ZN592_HUMAN;ZN143_HUMAN;CTCF_HUMAN	HEK293T__embryonic_kidney_;CD14+_monocytes;GM12878__female_B-cells_lymphoblastoid_cell_line_;HT1080__fibrosarcoma_;primary_B-CLL_cells;GM10847__female_B-cells_Lymphoblastoid_Cell_Lines_
chr5	13715742	13715743	3.0	rs30172	20	A	G	1	3	ZNF518B/ZNF518B.YWO_B_AffSeq_H1_ZNF518B.Cycle3.vcf.gz	14	6	0.2656236411054431	-1.8083319452116013	0.30904864133471144	0.8587651952379148	0.2656236411054431	-1.808331945211601	0.3090486413347114	0.8587651952379148	0.6831601545293621	1.0	ref	0.2656236411054431	0.3090486413347114	0.6831601545293621	-9	revcomp	-9	revcomp	0.0522446543316871	0.0522446543316871	0.0	No Hit	-	-	-	-	-	-	-	-	-	-	-
chr8	124716042	124716043	2.0	rs10956199	28	T	C	3	2,2,2	ZNF518B/ZNF518B.YWO_B_AffSeq_H1_ZNF518B.Cycle3.vcf.gz,ZNF518B/ZNF518B.YWR_B_AffSeq_C9_ZNF518B-DBD.Cycle2.vcf.gz,ZNF518B/ZNF518B.YWR_B_AffSeq_C9_ZNF518B-DBD.Cycle3.vcf.gz	8,14,7	5,10,21	-0.37830248491865825,0.01761014926033999,-1.7098423967818293	-1.3711119308412325,-0.7907243471971639,0.7954704309056635	0.5115037887532164,0.283970826120879,0.9246757270718802	1.0,0.6063487467455733,0.15366240409642626	-0.1819820260376782	0.4610946152903353	0.7050033287778228	0.3000063619828516	0.9037018431955848	1.0	alt	0.4610946152903353	0.3000063619828516	1.0	-1	revcomp	-1	revcomp	2.585110402138099e-05	2.714455845631673e-05	-0.0704371216962292	Discordant	-	-	-	-	-	-	-	-	-	REQU_HUMAN;CTCF_HUMAN;ANDR_HUMAN;TR150_HUMAN;SSRP1_HUMAN;ZFX_HUMAN;TEAD4_HUMAN	22RV1__prostate_carcinoma_;MCF10A__breast_epithelial_cells_;glioblastoma_patient-derived_cell_model;HT1080__fibrosarcoma_;HEK293T__embryonic_kidney_;K562__myelogenous_leukemia_
chr9	29508544	29508545	2.0	rs7026384	20	T	C	1	2	ZNF518B/ZNF518B.YWO_B_AffSeq_H1_ZNF518B.Cycle3.vcf.gz	8	12	-0.9569032885217372	-0.10807752500743861	0.7100514482251024	0.3300568223157269	-0.9569032885217372	-0.1080775250074386	0.7100514482251024	0.3300568223157269	0.9037018431955848	1.0	alt	-0.1080775250074386	0.3300568223157269	1.0	-6	direct	-6	direct	0.0290917258489219	0.0161991640950043	0.8446895165204747	No Hit	fasting insulin;refractive error;total cholesterol;waist hip ratio;white blood cell (wbc) count (10^9/l), log	-	-	-	-	-	-	-	-	-	-
chr1	50357373	50357374	3.0	rs17382178	23	C	T	1	3	ZNF518B/ZNF518B.YWR_B_AffSeq_C9_ZNF518B-DBD.Cycle2.vcf.gz	18	5	0.7761900284492893	-2.336179112008985	0.139407146687869	1.0	0.7761900284492893	-2.336179112008985	0.139407146687869	1.0	0.5855100160890498	1.0	ref	0.7761900284492893	0.139407146687869	0.5855100160890498	-11	revcomp	-11	revcomp	0.0810489360648761	0.0771888327889599	0.0704011052643537	No Hit	-	-	-	-	-	Brain_Caudate_basal_ganglia;Brain_Putamen_basal_ganglia;Esophagus_Mucosa;Heart_Atrial_Appendage;Testis	ENSG00000142700.11;ENSG00000234080.3;ENSG00000236434.2;ENSG00000237337.1	-	-	CEBPA_HUMAN;CEBPG_HUMAN;SSRP1_HUMAN;CEBPB_HUMAN;TEAD4_HUMAN	K562__myelogenous_leukemia_;MSC__mesenchymal_stem_cells_;SUM159PT__Triple_negative_breast_cancer_;HT1080__fibrosarcoma_;MCF10A__breast_epithelial_cells_;HepG2__hepatoblastoma_
chr1	56739666	56739667	2.0	rs857125	40	C	T	2	2,2	ZNF518B/ZNF518B.YWR_B_AffSeq_C9_ZNF518B-DBD.Cycle2.vcf.gz,ZNF518B/ZNF518B.YWR_B_AffSeq_C9_ZNF518B-DBD.Cycle3.vcf.gz	9,17	17,23	-1.0642639101581013,-0.4973302883332389	0.28050406947890183,0.16347382970479263	0.7079834132646254,0.45420741705827644	0.24163167322800622,0.3021399952973407	-0.6698958257847428	0.2269853932467862	0.6140514192609736	0.2091097814647182	0.9037018431955848	1.0	alt	0.2269853932467862	0.2091097814647182	1.0	-7	direct	-7	direct	0.0473873961555213	0.0548560462102844	-0.211147252745999	No Hit	height	-	-	-	-	-	-	-	-	ZN350_HUMAN	HEK293__embryonic_kidney_
chr1	80796956	80796957	2.0	rs2209199	22	C	G	2	2,2	ZNF518B/ZNF518B.YWR_B_AffSeq_C9_ZNF518B-DBD.Cycle2.vcf.gz,ZNF518B/ZNF518B.YWR_B_AffSeq_C9_ZNF518B-DBD.Cycle3.vcf.gz	7,11	12,11	-1.149548366464133,-0.3775465742112192	-0.011884491151941123,-0.48615856273562397	0.808672192185338,0.43719268922801396	0.298693240279625,0.4779443953509083	-0.5352236041412338	-0.1917561453226191	0.6877858970247521	0.3488279181729712	0.9037018431955848	1.0	alt	-0.1917561453226191	0.3488279181729712	1.0	-16	direct	-16	direct	0.0548560462102844	0.060478877822493	-0.1407807281619544	No Hit	abnormal involuntary movement scale;chronic kidney disease;major depressive disorder;tardive dyskinesia	-	-	-	-	-	-	-	-	SSRP1_HUMAN;ANDR_HUMAN	HT1080__fibrosarcoma_;22RV1__prostate_carcinoma_
chr6	6916561	6916562	3.0	rs11752431	20	G	T	1	3	ZNF518B/ZNF518B.YWR_B_AffSeq_C9_ZNF518B-DBD.Cycle2.vcf.gz	15	5	0.5131556226154959	-2.167175720570096	0.21520873684409764	1.0	0.5131556226154959	-2.167175720570096	0.2152087368440976	1.0	0.6510961220992515	1.0	ref	0.5131556226154959	0.2152087368440976	0.6510961220992515	-12	direct	-12	direct	0.0353607976462169	0.060478877822493	-0.7742805523066132	No Hit	total cholesterol change with statins;triglycerides change with statins	-	-	-	-	-	-	-	-	TBX3_HUMAN;ANDR_HUMAN;ZNF24_HUMAN;SPI1_HUMAN	HepG2__hepatoblastoma_;MDM_monocyte_derived_macrophages_;22RV1__prostate_carcinoma_
chr7	155022061	155022062	2.0	rs446938	22	A	C	1	2	ZNF518B/ZNF518B.YWR_B_AffSeq_C9_ZNF518B-DBD.Cycle2.vcf.gz	13	9	-0.01924820947549133	-0.8744720816691292	0.29508890758905015	0.6745131094139384	-0.0192482094754913	-0.8744720816691292	0.2950889075890501	0.6745131094139384	0.6831601545293621	1.0	ref	-0.0192482094754913	0.2950889075890501	0.6831601545293621	-1	revcomp	-1	revcomp	2.484765351161591e-06	1.6018613639686512e-06	0.6333603248412476	Discordant	comorbid depressive syndrome and alcohol dependence;hdl cholesterol;triglycerides	-	-	-	-	Adipose_Subcutaneous;Adipose_Visceral_Omentum;Artery_Aorta;Brain_Cerebellar_Hemisphere;Brain_Hippocampus;Brain_Nucleus_accumbens_basal_ganglia;Colon_Sigmoid;Esophagus_Muscularis;Lung;Muscle_Skeletal;Nerve_Tibial;Prostate;Skin_Not_Sun_Exposed_Suprapubic;Skin_Sun_Exposed_Lower_leg;Testis;Thyroid;Whole_Blood	ENSG00000273344.1	-	-	TEAD4_HUMAN;LEF1_HUMAN;COT2_HUMAN	MCF10A__breast_epithelial_cells_;HEK293T__embryonic_kidney_;EBV__Epstein_Barr_Virus_-transformed_B_lymphocyte_cells
chr12	4561215	4561216	2.0	rs10849091	21	G	A	1	2	ZNF518B/ZNF518B.YWR_B_AffSeq_C9_ZNF518B-DBD.Cycle2.vcf.gz	15	6	0.4840098934199446	-1.6103645578743047	0.17623835755036654	0.9424855945317705	0.4840098934199446	-1.6103645578743049	0.1762383575503665	0.9424855945317704	0.6510961220992515	1.0	ref	0.4840098934199446	0.1762383575503665	0.6510961220992515	-17	direct	-17	direct	4.920602940431376e-06	1.0229318077353717e-05	-1.0558029626282752	Concordant	mitral annular calcium	-	-	-	-	-	-	-	-	ZSC21_HUMAN;ZN350_HUMAN;ANDR_HUMAN	HEK293__embryonic_kidney_;22RV1__prostate_carcinoma_
chr13	66767097	66767098	2.0	rs9564345	33	T	A	2	2,2	ZNF518B/ZNF518B.YWR_B_AffSeq_C9_ZNF518B-DBD.Cycle2.vcf.gz,ZNF518B/ZNF518B.YWR_B_AffSeq_C9_ZNF518B-DBD.Cycle3.vcf.gz	7,21	11,12	-1.0296232707909123,0.43541413425702347	-0.1374153732357999,-0.9926492861509448	0.8047572706562963,0.25715647894593346	0.34632979236926,0.7006679237330089	0.2334015087992901	-0.3522505334013992	0.5584294279745927	0.535471149427082	0.9037018431955848	1.0	alt	-0.3522505334013992	0.535471149427082	1.0	-15	direct	-17	revcomp	0.0263863801975982	0.0320733063595362	-0.281579636547316	No Hit	-	-	-	-	-	-	-	-	-	-	-
chr14	52305976	52305977	2.0	rs708496	21	C	T	2	2,2	ZNF518B/ZNF518B.YWR_B_AffSeq_C9_ZNF518B-DBD.Cycle2.vcf.gz,ZNF518B/ZNF518B.YWR_B_AffSeq_C9_ZNF518B-DBD.Cycle3.vcf.gz	14,15	6,6	0.3844742198690301,0.4840098934199446	-1.52768994136337,-1.6103645578743047	0.19259355879522524,0.17623835755036654	0.9344489852228832,0.9424855945317705	0.4355475580958013	-1.5662405998344406	0.1153919168391386	0.9811980998052816	0.5855100160890498	1.0	ref	0.4355475580958013	0.1153919168391386	0.5855100160890498	0	revcomp	0	revcomp	0.057598899899641	0.057598899899641	0.0	No Hit	-	-	-	-	-	Thyroid	ENSG00000180998.11	-	-	PKNX1_HUMAN;TLE3_HUMAN;NCOA3_HUMAN;SSXT_HUMAN	HEK293T__embryonic_kidney_;SYO-1_Biphasic_synovial_sarcoma_;MCF10A__breast_epithelial_cells_;SUM159PT__Triple_negative_breast_cancer_
chr3	154190134	154190135	3.0	rs186698482	29	A	G	1	3	ZNF518B/ZNF518B.YWR_B_AffSeq_C9_ZNF518B-DBD.Cycle3.vcf.gz	22	7	0.8333773382476775	-1.9936145443530289	0.13691947740986238	0.7758683044922151	0.8333773382476775	-1.9936145443530289	0.1369194774098623	0.7758683044922151	0.5855100160890498	1.0	ref	0.8333773382476775	0.1369194774098623	0.5855100160890498	-9	revcomp	-9	revcomp	3.854994662313054e-06	3.854994662313054e-06	0.0	Discordant	-	-	-	-	-	-	-	-	-	-	-
chr6	164825158	164825159	3.0	rs2322620	28	A	G	1	3	ZNF518B/ZNF518B.YWR_B_AffSeq_C9_ZNF518B-DBD.Cycle3.vcf.gz	5	23	-2.0963446716356215	0.8652183534657656	1.0	0.1301833366144283	-2.096344671635621	0.8652183534657656	1.0	0.1301833366144283	1.0	1.0	alt	0.8652183534657656	0.1301833366144283	1.0	-14	direct	-2	direct	0.0409341770337846	0.0409341770337846	0.0	No Hit	urinary albumin-to-creatinine ratio	-	-	-	-	-	-	-	-	-	-
chr13	55950299	55950300	2.0	rs61948696	24	G	A	1	2	ZNF518B/ZNF518B.YWR_B_AffSeq_C9_ZNF518B-DBD.Cycle3.vcf.gz	10	14	-0.7511237101854609	-0.06276415346856234	0.5884891650492647	0.3146771323554929	-0.7511237101854609	-0.0627641534685623	0.5884891650492647	0.3146771323554929	0.9037018431955848	1.0	alt	-0.0627641534685623	0.3146771323554929	1.0	-17	revcomp	-17	revcomp	5.166648356983052e-06	5.4249964838930215e-06	-0.0703935054824837	Discordant	-	-	-	-	-	-	-	-	-	-	-
chr13	108901883	108901884	2.0	rs9301330	28	C	A	1	2	ZNF518B/ZNF518B.YWR_B_AffSeq_C9_ZNF518B-DBD.Cycle3.vcf.gz	9	19	-1.27009241473821	0.44096874167214795	0.777884371004816	0.22055826614025606	-1.27009241473821	0.4409687416721479	0.777884371004816	0.220558266140256	0.9454083876939126	1.0	alt	0.4409687416721479	0.220558266140256	1.0	-12	direct	-3	revcomp	0.0094712700611152	0.0497571265456586	-2.39327336913774	No Hit	-	-	-	-	-	-	-	-	-	NCOA3_HUMAN;COT2_HUMAN	EBV__Epstein_Barr_Virus_-transformed_B_lymphocyte_cells;MCF10A__breast_epithelial_cells_
