#chr	start	end	mean_bad	id	max_cover	ref	alt	n_reps	bads	scorefiles	ref_counts	alt_counts	ref_es	alt_es	ref_pval	alt_pval	ref_comb_es	alt_comb_es	ref_comb_pval	alt_comb_pval	ref_fdr_comb_pval	alt_fdr_comb_pval	pref_allele	comb_es	comb_pval	fdr_comb_pval
chr16	46389973	46389974	3.0	rs4404093	65	C	G	2	3,3	ZNF497/ZNF497.YWR_B_AffSeq_A8_ZNF497-FL.Cycle1.vcf.gz,ZNF497/ZNF497.YWR_B_AffSeq_A8_ZNF497-FL.Cycle2.vcf.gz	25,10	40,12	-0.44928720996201044,-0.6157079016846692	0.386377028449461,-0.5036626437775489	0.6330223079155207,0.58527917204926	0.3719401467986593,0.5533963931505524	-0.5390691914259625	0.053221906028002586	0.643226685473886	0.44908154963610064	0.8011185236949586	0.6985385223685424	alt	0.053221906028002586	0.44908154963610064	0.6985385223685424
chr1	3114499	3114500	2.0	rs2981866	33	G	A	1	2	ZNF497/ZNF497.YWR_B_AffSeq_A8_ZNF497-FL.Cycle2.vcf.gz	19	14	0.17487570837076216	-0.7137932545779253	0.29521042485288784	0.5532769854573731	0.17487570837076216	-0.7137932545779253	0.29521042485288784	0.5532769854573731	0.7432382198713129	0.7069650369733101	ref	0.17487570837076216	0.29521042485288784	0.7432382198713129
chr1	26789971	26789972	1.0	rs34676516	38	C	T	1	1	ZNF497/ZNF497.YWR_B_AffSeq_A8_ZNF497-FL.Cycle2.vcf.gz	24	14	0.767476419467092	-0.7246561739804576	0.0637901651035311	0.9101108146419075	0.767476419467092	-0.7246561739804576	0.0637901651035311	0.9101108146419075	0.4890579324604051	0.9948742493090333	ref	0.767476419467092	0.0637901651035311	0.4890579324604051
chr1	57413135	57413136	2.0	rs524941	68	C	G	2	2,2	ZNF497/ZNF497.YWR_B_AffSeq_A8_ZNF497-FL.Cycle2.vcf.gz,ZNF497/ZNF497.YWR_B_AffSeq_A8_ZNF497-FL.Cycle3.vcf.gz	16,24	32,44	-0.8630928624207046,-0.7334305647225232	0.7203412697874496,0.7696444728518328	0.5764339154759064,0.5209447009353092	0.22236290052683572,0.22763760359744475	-0.7928070424551134	0.744799156869307	0.564370347742609	0.15762240956936915	0.8011185236949586	0.4531644275119363	alt	0.744799156869307	0.15762240956936915	0.4531644275119363
chr1	110215752	110215753	2.0	rs2784144	59	A	G	1	2	ZNF497/ZNF497.YWR_B_AffSeq_A8_ZNF497-FL.Cycle2.vcf.gz	26	33	-0.1804844899590341	0.29520486019416303	0.39827675946329105	0.2996257517105768	-0.1804844899590341	0.29520486019416303	0.39827675946329105	0.2996257517105768	0.7432382198713129	0.5742826907786056	alt	0.29520486019416303	0.2996257517105768	0.5742826907786056
chr1	116551017	116551018	2.0	rs61789232	52	T	C	2	2,2	ZNF497/ZNF497.YWR_B_AffSeq_A8_ZNF497-FL.Cycle2.vcf.gz,ZNF497/ZNF497.YWR_B_AffSeq_A8_ZNF497-FL.Cycle3.vcf.gz	24,26	25,26	-0.07738395349273564,0.021565388693682408	-0.045930956010740154,-0.04874954102319862	0.4123143018660974,0.40053461844553423	0.3363043755684825,0.3233821359066085	-0.027112991755531626	-0.04736513687702128	0.3772061871637127	0.2799770309069642	0.7432382198713129	0.5742826907786056	alt	-0.04736513687702128	0.2799770309069642	0.5742826907786056
chr1	229153000	229153001	2.0	rs9699798	25	C	T	2	2,2	ZNF497/ZNF497.YWR_B_AffSeq_A8_ZNF497-FL.Cycle2.vcf.gz,ZNF497/ZNF497.YWR_B_AffSeq_A8_ZNF497-FL.Cycle3.vcf.gz	17,11	8,6	0.4514932605721591,0.036550916448723214	-1.3600881263522204,-1.3606276806517652	0.2372970230961415,0.2857878724305196	0.8545476514831069,0.9210523452577408	0.25835778352259725	-1.3602734568330725	0.19755856149972273	0.9516188471651623	0.7432382198713129	0.9948742493090333	ref	0.25835778352259725	0.19755856149972273	0.7432382198713129
chr2	169269161	169269162	2.0	rs76668605	21	A	G	1	2	ZNF497/ZNF497.YWR_B_AffSeq_A8_ZNF497-FL.Cycle2.vcf.gz	8	13	-1.0060347602264867	0.007399692412497494	0.7239118454699638	0.29253503164218736	-1.0060347602264867	0.007399692412497494	0.7239118454699638	0.29253503164218736	0.8324986222904583	0.5742826907786056	alt	0.007399692412497494	0.29253503164218736	0.5742826907786056
chr3	98396104	98396105	2.0	rs28703157	22	A	T	1	2	ZNF497/ZNF497.YWR_B_AffSeq_A8_ZNF497-FL.Cycle2.vcf.gz	14	8	0.17138534137942418	-1.112652442084526	0.29085778034564763	0.7711153459585292	0.17138534137942418	-1.112652442084526	0.29085778034564763	0.7711153459585292	0.7432382198713129	0.9334554187919037	ref	0.17138534137942418	0.29085778034564763	0.7432382198713129
chr3	116176436	116176437	2.0	rs9875465	101	C	T	2	2,2	ZNF497/ZNF497.YWR_B_AffSeq_A8_ZNF497-FL.Cycle2.vcf.gz,ZNF497/ZNF497.YWR_B_AffSeq_A8_ZNF497-FL.Cycle3.vcf.gz	69,89	32,10	1.2454315943574645,2.6859886581691335	-1.0614764029006203,-3.1276145897114644	0.059899582376453105,1.567695020803961e-05	0.6173199596054274,0.9999959891013903	2.393787089470357	-1.0614935827750063	2.230558293050586e-05	0.9999559687497414	0.0005130284074016348	0.9999559687497414	ref	2.393787089470357	2.230558293050586e-05	0.0005130284074016348
chr3	158390065	158390066	3.0	rs77788385	20	G	A	1	3	ZNF497/ZNF497.YWR_B_AffSeq_A8_ZNF497-FL.Cycle2.vcf.gz	8	12	-0.9376359965720313	-0.2981717034753597	0.6617935630523571	0.5011427676553886	-0.9376359965720313	-0.2981717034753597	0.6617935630523571	0.5011427676553886	0.8011185236949586	0.6985385223685424	alt	-0.2981717034753597	0.5011427676553886	0.6985385223685424
chr4	869112	869113	2.0	rs62295559	88	T	C	2	2,2	ZNF497/ZNF497.YWR_B_AffSeq_A8_ZNF497-FL.Cycle2.vcf.gz,ZNF497/ZNF497.YWR_B_AffSeq_A8_ZNF497-FL.Cycle3.vcf.gz	40,10	48,74	-0.11591782388044614,-2.6402041052046727	0.28574890352056137,2.3393342901027836	0.486655010430492,0.998527859694614	0.34938799961140143,0.0003561735630289064	-0.12107090765399835	2.099168153276206	0.9917487471034084	0.0014346502684957176	1.0	0.008249239043850377	alt	2.099168153276206	0.0014346502684957176	0.008249239043850377
chr4	869139	869140	4.0	rs28548624	289	T	C	2	4,4	ZNF497/ZNF497.YWR_B_AffSeq_A8_ZNF497-FL.Cycle2.vcf.gz,ZNF497/ZNF497.YWR_B_AffSeq_A8_ZNF497-FL.Cycle3.vcf.gz	34,19	120,270	-3.819427754354791,-5.8288880836072465	-0.17984052688381258,1.8498227944577152	1.0,1.0	0.6716831469706229,2.1336945136793872e-08	-4.824157918981019	1.805099280663914	1.0	2.5216420621651465e-06	1.0	2.8998883714899187e-05	alt	1.805099280663914	2.5216420621651465e-06	2.8998883714899187e-05
chr4	869696	869697	4.0	rs62645813	128	T	C	2	4,4	ZNF497/ZNF497.YWR_B_AffSeq_A8_ZNF497-FL.Cycle2.vcf.gz,ZNF497/ZNF497.YWR_B_AffSeq_A8_ZNF497-FL.Cycle3.vcf.gz	13,10	115,115	-5.145050332792943,-5.523561956046674	1.2257762327378012,1.6789034142884605	1.0,1.0	0.003905091906792638,0.0003528328725346678	-5.334306144419808	1.4927006100010738	1.0	2.8375940640093664e-05	1.0	0.0002175488782407181	alt	1.4927006100010738	2.8375940640093664e-05	0.0002175488782407181
chr5	8842404	8842405	3.0	rs4702591	8712	C	T	2	3,3	ZNF497/ZNF497.YWR_B_AffSeq_A8_ZNF497-FL.Cycle2.vcf.gz,ZNF497/ZNF497.YWR_B_AffSeq_A8_ZNF497-FL.Cycle3.vcf.gz	138,1825	367,6887	-1.3037162653816372,-1.7945297986207116	1.0786622032702278,1.5835296204256295	0.3354782149691849,0.34674036351618565	0.09780929944360348,2.759036340153091e-42	-1.54535653940234	1.5715555121753613	0.29398308301845455	2.549936015948884e-16	0.7432382198713129	5.864852836682433e-15	alt	1.5715555121753613	2.549936015948884e-16	5.864852836682433e-15
chr5	31823105	31823106	3.0	rs6870166	331	T	C	2	3,3	ZNF497/ZNF497.YWR_B_AffSeq_A8_ZNF497-FL.Cycle2.vcf.gz,ZNF497/ZNF497.YWR_B_AffSeq_A8_ZNF497-FL.Cycle3.vcf.gz	64,184	53,147	0.6388371566350779,0.40934376399528904	-0.6035316964959723,-0.6563392038321094	0.23155318198758895,0.3353594433788067	0.4959818637341652,0.46670062583868177	0.5407218221426513	-0.631033463523974	0.2204610693287274	0.47535259607785696	0.7432382198713129	0.6985385223685424	ref	0.5407218221426513	0.2204610693287274	0.7432382198713129
chr9	76463495	76463496	2.0	rs76776351	1862	A	G	2	2,2	ZNF497/ZNF497.YWR_B_AffSeq_A8_ZNF497-FL.Cycle2.vcf.gz,ZNF497/ZNF497.YWR_B_AffSeq_A8_ZNF497-FL.Cycle3.vcf.gz	123,606	120,1256	0.30983740544180094,-0.523714003724205	-0.09601330657931584,0.9910573685700861	0.46818461647441934,0.5195680120327549	0.41667406634179965,0.013194427468896533	-0.07623696355253975	0.8081625401622582	0.49189467590344743	0.03519973084595955	0.8011185236949586	0.1456708007242967	alt	0.8081625401622582	0.03519973084595955	0.1456708007242967
chr14	20719311	20719312	2.0	rs12886925	157	T	G	2	2,2	ZNF497/ZNF497.YWR_B_AffSeq_A8_ZNF497-FL.Cycle2.vcf.gz,ZNF497/ZNF497.YWR_B_AffSeq_A8_ZNF497-FL.Cycle3.vcf.gz	38,106	38,51	0.16623569815082107,1.238045499719167	0.058074214237485045,-1.1067894129583395	0.3970680273006579,0.017791242163666326	0.35605179037629037,0.6529205933964931	1.038159520108686	-0.2822878739127971	0.04164710668951125	0.5064947487611865	0.47894172692937936	0.6985385223685424	ref	1.038159520108686	0.04164710668951125	0.47894172692937936
chr14	51859366	51859367	2.0	rs17124656	24	T	C	1	2	ZNF497/ZNF497.YWR_B_AffSeq_A8_ZNF497-FL.Cycle2.vcf.gz	13	11	-0.1365384747074243	-0.584965464474144	0.331475586352722	0.5163110817506618	-0.1365384747074243	-0.584965464474144	0.331475586352722	0.5163110817506618	0.7432382198713129	0.6985385223685424	ref	-0.1365384747074243	0.331475586352722	0.7432382198713129
chr16	17202691	17202692	2.0	rs8051552	31	C	T	2	2,2	ZNF497/ZNF497.YWR_B_AffSeq_A8_ZNF497-FL.Cycle2.vcf.gz,ZNF497/ZNF497.YWR_B_AffSeq_A8_ZNF497-FL.Cycle3.vcf.gz	12,23	5,8	0.20666001580249782,0.8875923753788331	-1.6722387736949407,-1.621146772863547	0.23192495925210058,0.14813739184359162	1.0,0.9210885518902786	0.5924017823728726	-1.621146772863547	0.11752916554548376	0.9210885518902786	0.6757927018865316	0.9948742493090333	ref	0.5924017823728726	0.11752916554548376	0.6757927018865316
chr18	74216157	74216158	2.0	rs11660944	64	G	A	2	2,2	ZNF497/ZNF497.YWR_B_AffSeq_A8_ZNF497-FL.Cycle2.vcf.gz,ZNF497/ZNF497.YWR_B_AffSeq_A8_ZNF497-FL.Cycle3.vcf.gz	19,17	45,32	-1.0795243002858141,-0.7756300211703655	0.9707049196941453,0.6399118736477796	0.6505914507936694,0.5378084189434217	0.17097650451371021,0.24125859551524698	-0.9000303627073627	0.823172611386949	0.6252165274015495	0.1352533265891462	0.8011185236949586	0.4444037873643375	alt	0.823172611386949	0.1352533265891462	0.4444037873643375
chr20	813572	813573	2.0	rs12624549	44	C	T	2	2,2	ZNF497/ZNF497.YWR_B_AffSeq_A8_ZNF497-FL.Cycle2.vcf.gz,ZNF497/ZNF497.YWR_B_AffSeq_A8_ZNF497-FL.Cycle3.vcf.gz	18,22	26,20	-0.5089493280050972,0.004733782727905478	0.2587399592344948,-0.260330067028244	0.47191818092061,0.4072253477622264	0.28304504208627385,0.3715692435198086	-0.22914799445761855	0.030564513071190375	0.42009116775335076	0.2749701967418863	0.7432382198713129	0.5742826907786056	alt	0.030564513071190375	0.2749701967418863	0.5742826907786056
chr2	33089896	33089897	3.0	rs34071846	73	C	A	1	3	ZNF497/ZNF497.YWR_B_AffSeq_A8_ZNF497-FL.Cycle3.vcf.gz	16	57	-1.5632225836379368	1.263317886480693	0.5630275173051441	0.038001078449816525	-1.5632225836379368	1.263317886480693	0.5630275173051441	0.038001078449816525	0.8011185236949586	0.1456708007242967	alt	1.263317886480693	0.038001078449816525	0.1456708007242967
